2026/10/07 19:27:47.787, 2843, 0
2026/10/07 19:27:48.051, 2853, 0
2026/10/07 19:27:48.315, 3005, 8
2026/10/07 19:27:48.580, 3051, 8
2026/10/07 19:27:48.843, 3579, 1
2026/10/07 19:27:49.108, 11491, 1
2026/10/07 19:27:49.371, 11491, 38
2026/10/07 19:27:49.637, 11491, 38
2026/10/07 19:27:49.901, 11491, 36
2026/10/07 19:27:50.166, 14228, 36
2026/10/07 19:27:50.429, 14252, 41
2026/10/07 19:27:50.692, 14262, 100
2026/10/07 19:27:50.956, 14262, 100
2026/10/07 19:27:51.219, 14258, 100
2026/10/07 19:27:51.483, 14258, 100
2026/10/07 19:27:51.746, 14258, 100
2026/10/07 19:27:52.011, 14258, 100
2026/10/07 19:27:52.274, 14256, 98
2026/10/07 19:27:52.538, 14256, 98
2026/10/07 19:27:52.801, 14256, 98
2026/10/07 19:27:53.065, 14256, 98
2026/10/07 19:27:53.329, 14256, 97
2026/10/07 19:27:53.594, 14256, 97
2026/10/07 19:27:53.858, 14246, 97
2026/10/07 19:27:54.121, 14246, 97
2026/10/07 19:27:54.385, 14246, 98
2026/10/07 19:27:54.648, 14246, 98
2026/10/07 19:27:54.912, 14246, 98
2026/10/07 19:27:55.176, 14246, 98
2026/10/07 19:27:55.440, 14246, 98
2026/10/07 19:27:55.704, 14246, 97
2026/10/07 19:27:55.967, 14246, 97
2026/10/07 19:27:56.231, 14246, 97
2026/10/07 19:27:56.494, 14246, 97
2026/10/07 19:27:56.759, 14246, 80
2026/10/07 19:27:57.022, 14246, 80
2026/10/07 19:27:57.285, 14246, 98
2026/10/07 19:27:57.549, 14246, 98
2026/10/07 19:27:57.813, 14246, 96
2026/10/07 19:27:58.076, 14246, 96
2026/10/07 19:27:58.340, 14246, 98
2026/10/07 19:27:58.606, 14246, 98
2026/10/07 19:27:58.870, 14246, 98
2026/10/07 19:27:59.134, 14246, 98
2026/10/07 19:27:59.397, 14246, 98
2026/10/07 19:27:59.661, 14246, 98
2026/10/07 19:27:59.925, 14246, 98
2026/10/07 19:28:00.189, 14246, 98
2026/10/07 19:28:00.453, 14246, 98
2026/10/07 19:28:00.716, 14246, 98
2026/10/07 19:28:00.979, 14246, 98
2026/10/07 19:28:01.242, 14246, 97
2026/10/07 19:28:01.506, 14246, 97
2026/10/07 19:28:01.769, 14246, 95
2026/10/07 19:28:02.033, 14246, 95
2026/10/07 19:28:02.298, 14246, 98
2026/10/07 19:28:02.561, 14246, 98
2026/10/07 19:28:02.825, 14246, 97
2026/10/07 19:28:03.089, 14246, 97
2026/10/07 19:28:03.353, 14246, 97
2026/10/07 19:28:03.616, 14246, 97
2026/10/07 19:28:03.879, 14246, 97
2026/10/07 19:28:04.143, 14246, 97
2026/10/07 19:28:04.406, 14246, 97
2026/10/07 19:28:04.669, 14246, 97
2026/10/07 19:28:04.932, 14246, 98
2026/10/07 19:28:05.196, 14246, 98
2026/10/07 19:28:05.461, 14246, 98
2026/10/07 19:28:05.725, 14246, 98
2026/10/07 19:28:05.988, 14246, 98
2026/10/07 19:28:06.252, 14246, 98
2026/10/07 19:28:06.516, 14246, 98
2026/10/07 19:28:06.780, 2844, 98
2026/10/07 19:28:07.043, 2842, 98
2026/10/07 19:28:07.307, 2842, 1
2026/10/07 19:28:07.570, 2842, 1
2026/10/07 19:28:07.833, 2842, 1
2026/10/07 19:28:08.096, 2852, 1
2026/10/07 19:28:08.360, 3050, 6
2026/10/07 19:28:08.624, 11474, 6
2026/10/07 19:28:08.888, 11474, 82
2026/10/07 19:28:09.152, 11474, 82
2026/10/07 19:28:09.416, 11474, 36
2026/10/07 19:28:09.680, 12498, 30
2026/10/07 19:28:09.943, 14220, 30
2026/10/07 19:28:10.207, 14246, 29
2026/10/07 19:28:10.471, 14246, 29
2026/10/07 19:28:10.735, 14246, 100
2026/10/07 19:28:10.998, 14246, 100
2026/10/07 19:28:11.261, 14246, 100
2026/10/07 19:28:11.524, 14246, 100
2026/10/07 19:28:11.788, 14246, 92
2026/10/07 19:28:12.051, 14246, 92
2026/10/07 19:28:12.314, 14246, 98
2026/10/07 19:28:12.578, 14246, 98
2026/10/07 19:28:12.842, 14246, 93
2026/10/07 19:28:13.105, 14246, 93
2026/10/07 19:28:13.369, 14246, 98
2026/10/07 19:28:13.633, 14246, 98
2026/10/07 19:28:13.896, 3860, 97
2026/10/07 19:28:14.158, 2842, 97
