2026/10/03 22:34:45.932, 1719, 1
2026/10/03 22:34:46.196, 1719, 2
2026/10/03 22:34:46.459, 1719, 1
2026/10/03 22:34:46.722, 1719, 1
2026/10/03 22:34:46.984, 1714, 2
2026/10/03 22:34:47.249, 1714, 2
2026/10/03 22:34:47.513, 1714, 1
2026/10/03 22:34:47.777, 1734, 1
2026/10/03 22:34:48.040, 1721, 2
2026/10/03 22:34:48.304, 1928, 2
2026/10/03 22:34:48.568, 2760, 2
2026/10/03 22:34:48.832, 10352, 2
2026/10/03 22:34:49.095, 10347, 11
2026/10/03 22:34:49.357, 10347, 11
2026/10/03 22:34:49.621, 10347, 13
2026/10/03 22:34:49.885, 10342, 13
2026/10/03 22:34:50.148, 10342, 13
2026/10/03 22:34:50.413, 10342, 13
2026/10/03 22:34:50.678, 10342, 13
2026/10/03 22:34:50.942, 10342, 14
2026/10/03 22:34:51.206, 10342, 14
2026/10/03 22:34:51.470, 10342, 11
2026/10/03 22:34:51.734, 10342, 11
2026/10/03 22:34:51.998, 10342, 10
2026/10/03 22:34:52.262, 13088, 10
2026/10/03 22:34:52.526, 13114, 4
2026/10/03 22:34:52.790, 13114, 4
2026/10/03 22:34:53.054, 13114, 100
2026/10/03 22:34:53.319, 6503, 100
2026/10/03 22:34:53.582, 1710, 2
2026/10/03 22:34:53.847, 1710, 2
2026/10/03 22:34:54.111, 1710, 1
2026/10/03 22:34:54.374, 1710, 1
2026/10/03 22:34:54.639, 1710, 2
2026/10/03 22:34:54.903, 1710, 2
2026/10/03 22:34:55.168, 1710, 1
2026/10/03 22:34:55.432, 1710, 1
2026/10/03 22:34:55.696, 1710, 2
2026/10/03 22:34:55.960, 1710, 2
2026/10/03 22:34:56.224, 1710, 2
2026/10/03 22:34:56.489, 1710, 2
2026/10/03 22:34:56.754, 1710, 2
2026/10/03 22:34:57.018, 1710, 2
2026/10/03 22:34:57.282, 1723, 2
2026/10/03 22:34:57.546, 4243, 64
2026/10/03 22:34:57.810, 6755, 64
2026/10/03 22:34:58.073, 10151, 55
2026/10/03 22:34:58.338, 10219, 55
2026/10/03 22:34:58.601, 10321, 3
2026/10/03 22:34:58.866, 10263, 3
2026/10/03 22:34:59.130, 10265, 3
2026/10/03 22:34:59.394, 10265, 3
2026/10/03 22:34:59.659, 10265, 94
2026/10/03 22:34:59.924, 10265, 94
2026/10/03 22:35:00.188, 10265, 91
2026/10/03 22:35:00.452, 10265, 85
2026/10/03 22:35:00.717, 10265, 85
2026/10/03 22:35:00.982, 10265, 91
2026/10/03 22:35:01.237, 10265, 91
2026/10/03 22:35:01.503, 10265, 94
2026/10/03 22:35:01.755, 10265, 94
2026/10/03 22:35:02.019, 10265, 93
2026/10/03 22:35:02.272, 10265, 93
2026/10/03 22:35:02.536, 10265, 92
2026/10/03 22:35:02.800, 10265, 92
2026/10/03 22:35:03.051, 10265, 93
2026/10/03 22:35:03.315, 10265, 93
2026/10/03 22:35:03.579, 10265, 90
2026/10/03 22:35:03.844, 10265, 90
2026/10/03 22:35:04.095, 10265, 95
2026/10/03 22:35:04.359, 10265, 95
2026/10/03 22:35:04.624, 10265, 94
2026/10/03 22:35:04.889, 10265, 94
2026/10/03 22:35:05.154, 10265, 93
2026/10/03 22:35:05.418, 10265, 93
2026/10/03 22:35:05.682, 10265, 93
2026/10/03 22:35:05.946, 10265, 93
2026/10/03 22:35:06.212, 10265, 93
2026/10/03 22:35:06.476, 10265, 90
2026/10/03 22:35:06.741, 10265, 90
2026/10/03 22:35:07.004, 10265, 91
2026/10/03 22:35:07.256, 10265, 91
2026/10/03 22:35:07.521, 10265, 94
2026/10/03 22:35:07.785, 10265, 94
2026/10/03 22:35:08.049, 10265, 84
2026/10/03 22:35:08.313, 10265, 84
2026/10/03 22:35:08.578, 10265, 94
2026/10/03 22:35:08.832, 10265, 94
2026/10/03 22:35:09.082, 10265, 93
2026/10/03 22:35:09.346, 10265, 93
2026/10/03 22:35:09.597, 10265, 94
2026/10/03 22:35:09.847, 10265, 94
2026/10/03 22:35:10.098, 10265, 94
2026/10/03 22:35:10.364, 10265, 94
2026/10/03 22:35:10.616, 10265, 94
2026/10/03 22:35:10.880, 10265, 94
2026/10/03 22:35:11.146, 10265, 93
2026/10/03 22:35:11.410, 10265, 93
2026/10/03 22:35:11.674, 10265, 94
2026/10/03 22:35:11.940, 10265, 94
2026/10/03 22:35:12.204, 10265, 94
2026/10/03 22:35:12.456, 10265, 94
2026/10/03 22:35:12.720, 10265, 94
2026/10/03 22:35:12.985, 10265, 91
2026/10/03 22:35:13.237, 10265, 91
2026/10/03 22:35:13.501, 10265, 93
2026/10/03 22:35:13.767, 10265, 93
2026/10/03 22:35:14.031, 10265, 79
2026/10/03 22:35:14.296, 10265, 79
2026/10/03 22:35:14.561, 10265, 95
2026/10/03 22:35:14.825, 10265, 95
2026/10/03 22:35:15.090, 10265, 83
2026/10/03 22:35:15.355, 10265, 83
2026/10/03 22:35:15.620, 10265, 94
2026/10/03 22:35:15.875, 10265, 94
2026/10/03 22:35:16.125, 10265, 94
2026/10/03 22:35:16.390, 10265, 94
2026/10/03 22:35:16.655, 10265, 94
2026/10/03 22:35:16.918, 10265, 94
2026/10/03 22:35:17.183, 10265, 82
2026/10/03 22:35:17.448, 10265, 94
2026/10/03 22:35:17.712, 10265, 94
2026/10/03 22:35:17.976, 10265, 94
2026/10/03 22:35:18.226, 10265, 94
2026/10/03 22:35:18.491, 10265, 94
2026/10/03 22:35:18.747, 10265, 94
2026/10/03 22:35:19.003, 10265, 94
2026/10/03 22:35:19.266, 10265, 94
2026/10/03 22:35:19.531, 10265, 82
2026/10/03 22:35:19.795, 10265, 82
2026/10/03 22:35:20.060, 10265, 79
2026/10/03 22:35:20.325, 10265, 79
2026/10/03 22:35:20.590, 10265, 89
2026/10/03 22:35:20.854, 10265, 89
2026/10/03 22:35:21.117, 10265, 92
2026/10/03 22:35:21.382, 10265, 92
2026/10/03 22:35:21.647, 10265, 92
2026/10/03 22:35:21.911, 10265, 92
2026/10/03 22:35:22.176, 10265, 92
2026/10/03 22:35:22.441, 10265, 95
2026/10/03 22:35:22.706, 10265, 95
2026/10/03 22:35:22.971, 10265, 93
2026/10/03 22:35:23.235, 10265, 93
2026/10/03 22:35:23.499, 10274, 94
2026/10/03 22:35:23.764, 10274, 94
2026/10/03 22:35:24.028, 10274, 82
2026/10/03 22:35:24.292, 10274, 82
2026/10/03 22:35:24.542, 10274, 94
2026/10/03 22:35:24.808, 10274, 94
2026/10/03 22:35:25.073, 10274, 93
2026/10/03 22:35:25.338, 10274, 93
2026/10/03 22:35:25.603, 10270, 90
2026/10/03 22:35:25.868, 10270, 90
2026/10/03 22:35:26.133, 10270, 93
2026/10/03 22:35:26.398, 10270, 93
2026/10/03 22:35:26.663, 10270, 92
2026/10/03 22:35:26.914, 10270, 92
2026/10/03 22:35:27.178, 10270, 94
2026/10/03 22:35:27.429, 10270, 94
2026/10/03 22:35:27.693, 10270, 94
2026/10/03 22:35:27.957, 10270, 93
2026/10/03 22:35:28.222, 10270, 93
2026/10/03 22:35:28.486, 10265, 92
2026/10/03 22:35:28.750, 10265, 92
2026/10/03 22:35:29.014, 10265, 82
2026/10/03 22:35:29.279, 10265, 82
2026/10/03 22:35:29.544, 10265, 81
2026/10/03 22:35:29.807, 10265, 81
2026/10/03 22:35:30.071, 10265, 82
2026/10/03 22:35:30.335, 10265, 82
2026/10/03 22:35:30.600, 10265, 95
2026/10/03 22:35:30.864, 10265, 95
2026/10/03 22:35:31.129, 10265, 93
2026/10/03 22:35:31.380, 10265, 93
2026/10/03 22:35:31.645, 10265, 94
2026/10/03 22:35:31.909, 10265, 94
2026/10/03 22:35:32.159, 10265, 87
2026/10/03 22:35:32.424, 10265, 87
2026/10/03 22:35:32.688, 10265, 95
2026/10/03 22:35:32.952, 10265, 87
2026/10/03 22:35:33.217, 10265, 87
2026/10/03 22:35:33.482, 10265, 84
2026/10/03 22:35:33.746, 10265, 84
2026/10/03 22:35:34.012, 10265, 82
2026/10/03 22:35:34.276, 10265, 82
2026/10/03 22:35:34.541, 10265, 87
2026/10/03 22:35:34.804, 10265, 87
2026/10/03 22:35:35.069, 10265, 81
2026/10/03 22:35:35.334, 10265, 81
2026/10/03 22:35:35.599, 10265, 94
2026/10/03 22:35:35.850, 10265, 94
2026/10/03 22:35:36.116, 10265, 92
2026/10/03 22:35:36.380, 10265, 92
2026/10/03 22:35:36.644, 10265, 95
2026/10/03 22:35:36.894, 10265, 95
2026/10/03 22:35:37.159, 10265, 85
2026/10/03 22:35:37.423, 10265, 85
2026/10/03 22:35:37.687, 10265, 92
2026/10/03 22:35:37.951, 10265, 94
2026/10/03 22:35:38.215, 10265, 94
2026/10/03 22:35:38.479, 10265, 95
2026/10/03 22:35:38.730, 10265, 95
2026/10/03 22:35:38.994, 10265, 94
2026/10/03 22:35:39.260, 10265, 94
2026/10/03 22:35:39.524, 10265, 90
2026/10/03 22:35:39.775, 10265, 90
2026/10/03 22:35:40.040, 10265, 95
2026/10/03 22:35:40.291, 10265, 95
2026/10/03 22:35:40.556, 10265, 95
2026/10/03 22:35:40.807, 10265, 95
2026/10/03 22:35:41.072, 10265, 84
2026/10/03 22:35:41.325, 10265, 84
2026/10/03 22:35:41.589, 10265, 96
2026/10/03 22:35:41.853, 10265, 96
2026/10/03 22:35:42.117, 10265, 92
2026/10/03 22:35:42.382, 10265, 92
2026/10/03 22:35:42.646, 10265, 95
2026/10/03 22:35:42.911, 10265, 95
2026/10/03 22:35:43.162, 10265, 92
2026/10/03 22:35:43.425, 10491, 92
2026/10/03 22:35:43.689, 10713, 93
2026/10/03 22:35:43.953, 10713, 100
2026/10/03 22:35:44.218, 10713, 100
2026/10/03 22:35:44.483, 10713, 99
2026/10/03 22:35:44.735, 10713, 99
2026/10/03 22:35:45.000, 10713, 100
2026/10/03 22:35:45.264, 10713, 100
2026/10/03 22:35:45.529, 10713, 100
2026/10/03 22:35:45.793, 10713, 100
2026/10/03 22:35:46.058, 10713, 99
2026/10/03 22:35:46.324, 10713, 99
2026/10/03 22:35:46.589, 10713, 100
2026/10/03 22:35:46.854, 10713, 100
2026/10/03 22:35:47.105, 10713, 100
2026/10/03 22:35:47.371, 10713, 100
2026/10/03 22:35:47.635, 10713, 99
2026/10/03 22:35:47.900, 10713, 99
2026/10/03 22:35:48.164, 10713, 100
2026/10/03 22:35:48.429, 10713, 100
2026/10/03 22:35:48.693, 10713, 100
2026/10/03 22:35:48.957, 10713, 99
2026/10/03 22:35:49.221, 10713, 99
2026/10/03 22:35:49.485, 10713, 100
2026/10/03 22:35:49.749, 10713, 100
2026/10/03 22:35:50.014, 10713, 100
2026/10/03 22:35:50.278, 10713, 100
2026/10/03 22:35:50.541, 10713, 99
2026/10/03 22:35:50.806, 10713, 99
2026/10/03 22:35:51.069, 10713, 100
2026/10/03 22:35:51.324, 10713, 100
2026/10/03 22:35:51.589, 10713, 100
2026/10/03 22:35:51.841, 10713, 100
2026/10/03 22:35:52.105, 10713, 100
2026/10/03 22:35:52.371, 10713, 100
2026/10/03 22:35:52.635, 10713, 100
2026/10/03 22:35:52.900, 10713, 100
2026/10/03 22:35:53.151, 10713, 99
2026/10/03 22:35:53.415, 10713, 99
2026/10/03 22:35:53.680, 10713, 100
2026/10/03 22:35:53.944, 10713, 100
2026/10/03 22:35:54.208, 10713, 100
2026/10/03 22:35:54.473, 10713, 99
2026/10/03 22:35:54.738, 10713, 99
2026/10/03 22:35:55.003, 10713, 100
2026/10/03 22:35:55.255, 10713, 100
2026/10/03 22:35:55.519, 10713, 100
2026/10/03 22:35:55.783, 10713, 100
2026/10/03 22:35:56.048, 10713, 99
2026/10/03 22:35:56.298, 10713, 99
2026/10/03 22:35:56.563, 10713, 100
2026/10/03 22:35:56.827, 10713, 100
2026/10/03 22:35:57.091, 10713, 100
2026/10/03 22:35:57.356, 10713, 100
2026/10/03 22:35:57.621, 10713, 99
2026/10/03 22:35:57.885, 10713, 99
2026/10/03 22:35:58.149, 10713, 100
2026/10/03 22:35:58.413, 10713, 100
2026/10/03 22:35:58.677, 10713, 100
2026/10/03 22:35:58.932, 10713, 100
2026/10/03 22:35:59.197, 10713, 99
2026/10/03 22:35:59.463, 10713, 100
2026/10/03 22:35:59.728, 10713, 100
2026/10/03 22:35:59.992, 10713, 100
2026/10/03 22:36:00.256, 10713, 100
2026/10/03 22:36:00.507, 10713, 99
2026/10/03 22:36:00.757, 10713, 99
2026/10/03 22:36:01.022, 10713, 100
2026/10/03 22:36:01.287, 10713, 100
2026/10/03 22:36:01.552, 10713, 100
2026/10/03 22:36:01.816, 10713, 100
2026/10/03 22:36:02.080, 10713, 100
2026/10/03 22:36:02.344, 10713, 100
2026/10/03 22:36:02.608, 10713, 100
2026/10/03 22:36:02.872, 10713, 100
2026/10/03 22:36:03.126, 10713, 99
2026/10/03 22:36:03.391, 10713, 99
2026/10/03 22:36:03.655, 10713, 7
2026/10/03 22:36:03.919, 10713, 7
2026/10/03 22:36:04.183, 10713, 7
2026/10/03 22:36:04.448, 10713, 7
2026/10/03 22:36:04.713, 10713, 7
2026/10/03 22:36:04.963, 10713, 8
2026/10/03 22:36:05.228, 10713, 8
2026/10/03 22:36:05.492, 10713, 7
2026/10/03 22:36:05.758, 10713, 7
2026/10/03 22:36:06.022, 10713, 8
2026/10/03 22:36:06.287, 10713, 8
2026/10/03 22:36:06.552, 10713, 7
2026/10/03 22:36:06.817, 10713, 7
2026/10/03 22:36:07.081, 10713, 7
2026/10/03 22:36:07.346, 10713, 7
2026/10/03 22:36:07.611, 10713, 7
2026/10/03 22:36:07.876, 10713, 7
2026/10/03 22:36:08.139, 2089, 8
2026/10/03 22:36:08.404, 2355, 8
2026/10/03 22:36:08.667, 4687, 18
2026/10/03 22:36:08.932, 6575, 18
2026/10/03 22:36:09.196, 8809, 100
2026/10/03 22:36:09.462, 8809, 98
2026/10/03 22:36:09.717, 8809, 98
2026/10/03 22:36:09.983, 8809, 100
2026/10/03 22:36:10.247, 8809, 100
2026/10/03 22:36:10.511, 2373, 9
2026/10/03 22:36:10.775, 2373, 9
2026/10/03 22:36:11.037, 2373, 1
2026/10/03 22:36:11.300, 2373, 1
2026/10/03 22:36:11.565, 2373, 2
2026/10/03 22:36:11.829, 2373, 2
2026/10/03 22:36:12.092, 2580, 7
2026/10/03 22:36:12.357, 2580, 7
2026/10/03 22:36:12.621, 11004, 2
2026/10/03 22:36:12.886, 11004, 2
2026/10/03 22:36:13.149, 11004, 42
2026/10/03 22:36:13.413, 11004, 42
2026/10/03 22:36:13.676, 13750, 24
2026/10/03 22:36:13.939, 13776, 24
2026/10/03 22:36:14.204, 13776, 97
2026/10/03 22:36:14.467, 13776, 79
2026/10/03 22:36:14.732, 13776, 79
2026/10/03 22:36:14.995, 13776, 98
2026/10/03 22:36:15.259, 13776, 98
2026/10/03 22:36:15.522, 13776, 98
2026/10/03 22:36:15.773, 13776, 98
2026/10/03 22:36:16.037, 13785, 97
2026/10/03 22:36:16.301, 13785, 97
2026/10/03 22:36:16.565, 13785, 98
2026/10/03 22:36:16.830, 13785, 98
2026/10/03 22:36:17.094, 13785, 98
2026/10/03 22:36:17.357, 13785, 98
2026/10/03 22:36:17.621, 13785, 98
2026/10/03 22:36:17.886, 13785, 98
2026/10/03 22:36:18.150, 13781, 98
2026/10/03 22:36:18.413, 13781, 98
2026/10/03 22:36:18.677, 13781, 98
2026/10/03 22:36:18.941, 13781, 98
2026/10/03 22:36:19.205, 13781, 98
2026/10/03 22:36:19.470, 13781, 97
2026/10/03 22:36:19.733, 13781, 97
2026/10/03 22:36:19.997, 13781, 98
2026/10/03 22:36:20.262, 13781, 98
2026/10/03 22:36:20.527, 13781, 98
2026/10/03 22:36:20.791, 13781, 98
2026/10/03 22:36:21.054, 2373, 12
2026/10/03 22:36:21.317, 2580, 12
2026/10/03 22:36:21.581, 2373, 13
2026/10/03 22:36:21.843, 2373, 13
2026/10/03 22:36:22.105, 2373, 1
2026/10/03 22:36:22.369, 2373, 1
2026/10/03 22:36:22.631, 2373, 1
2026/10/03 22:36:22.896, 4075, 1
2026/10/03 22:36:23.161, 6731, 59
2026/10/03 22:36:23.424, 9294, 59
2026/10/03 22:36:23.689, 10556, 64
2026/10/03 22:36:23.953, 10556, 91
2026/10/03 22:36:24.216, 10556, 91
2026/10/03 22:36:24.482, 10556, 81
2026/10/03 22:36:24.746, 10556, 81
2026/10/03 22:36:25.011, 10556, 89
2026/10/03 22:36:25.276, 10556, 89
2026/10/03 22:36:25.541, 10552, 85
2026/10/03 22:36:25.805, 10552, 85
2026/10/03 22:36:26.068, 10552, 87
2026/10/03 22:36:26.332, 10552, 87
2026/10/03 22:36:26.596, 10552, 91
2026/10/03 22:36:26.859, 10552, 91
2026/10/03 22:36:27.123, 10552, 83
2026/10/03 22:36:27.388, 10552, 83
2026/10/03 22:36:27.652, 10552, 91
2026/10/03 22:36:27.903, 10552, 91
2026/10/03 22:36:28.157, 10552, 93
2026/10/03 22:36:28.422, 10550, 93
2026/10/03 22:36:28.687, 10547, 92
2026/10/03 22:36:28.952, 10547, 92
2026/10/03 22:36:29.206, 10547, 92
2026/10/03 22:36:29.471, 10547, 94
2026/10/03 22:36:29.735, 10547, 94
2026/10/03 22:36:30.000, 10547, 94
2026/10/03 22:36:30.252, 10547, 94
2026/10/03 22:36:30.517, 10547, 94
2026/10/03 22:36:30.782, 10547, 94
2026/10/03 22:36:31.046, 10547, 81
2026/10/03 22:36:31.310, 10547, 81
2026/10/03 22:36:31.574, 10547, 80
2026/10/03 22:36:31.839, 10547, 80
2026/10/03 22:36:32.103, 10547, 95
2026/10/03 22:36:32.368, 10547, 95
2026/10/03 22:36:32.633, 10547, 92
2026/10/03 22:36:32.899, 10547, 92
2026/10/03 22:36:33.164, 10547, 94
2026/10/03 22:36:33.428, 10547, 94
2026/10/03 22:36:33.693, 10547, 91
2026/10/03 22:36:33.957, 10547, 93
2026/10/03 22:36:34.223, 10547, 93
2026/10/03 22:36:34.488, 10547, 90
2026/10/03 22:36:34.743, 10547, 90
2026/10/03 22:36:35.007, 10547, 93
2026/10/03 22:36:35.270, 10547, 93
2026/10/03 22:36:35.522, 10547, 91
2026/10/03 22:36:35.786, 10547, 91
2026/10/03 22:36:36.050, 10547, 91
2026/10/03 22:36:36.315, 10547, 91
2026/10/03 22:36:36.579, 10547, 92
2026/10/03 22:36:36.843, 10547, 92
2026/10/03 22:36:37.108, 10547, 90
2026/10/03 22:36:37.358, 10547, 90
2026/10/03 22:36:37.622, 10547, 91
2026/10/03 22:36:37.888, 10547, 91
2026/10/03 22:36:38.152, 10547, 95
2026/10/03 22:36:38.416, 10547, 95
2026/10/03 22:36:38.681, 10547, 92
2026/10/03 22:36:38.945, 10547, 92
2026/10/03 22:36:39.210, 10547, 94
2026/10/03 22:36:39.475, 10547, 91
2026/10/03 22:36:39.739, 10547, 91
2026/10/03 22:36:40.002, 10547, 95
2026/10/03 22:36:40.266, 10547, 95
2026/10/03 22:36:40.530, 10547, 82
2026/10/03 22:36:40.781, 10547, 82
2026/10/03 22:36:41.046, 10547, 80
2026/10/03 22:36:41.310, 10547, 80
2026/10/03 22:36:41.574, 10547, 91
2026/10/03 22:36:41.839, 10547, 91
2026/10/03 22:36:42.102, 10547, 95
2026/10/03 22:36:42.367, 10547, 95
2026/10/03 22:36:42.631, 10547, 81
2026/10/03 22:36:42.896, 10547, 81
2026/10/03 22:36:43.149, 10547, 91
2026/10/03 22:36:43.414, 10547, 91
2026/10/03 22:36:43.678, 10547, 96
2026/10/03 22:36:43.942, 10547, 96
2026/10/03 22:36:44.193, 10547, 92
2026/10/03 22:36:44.458, 10547, 71
2026/10/03 22:36:44.722, 10547, 71
2026/10/03 22:36:44.986, 10547, 88
2026/10/03 22:36:45.251, 10547, 88
2026/10/03 22:36:45.515, 10547, 91
2026/10/03 22:36:45.766, 10547, 91
2026/10/03 22:36:46.030, 10547, 95
2026/10/03 22:36:46.294, 10547, 95
2026/10/03 22:36:46.559, 10547, 94
2026/10/03 22:36:46.824, 10547, 94
2026/10/03 22:36:47.088, 10547, 94
2026/10/03 22:36:47.352, 10547, 94
2026/10/03 22:36:47.616, 10547, 95
2026/10/03 22:36:47.881, 10547, 95
2026/10/03 22:36:48.145, 10547, 92
2026/10/03 22:36:48.409, 10547, 92
2026/10/03 22:36:48.675, 10547, 93
2026/10/03 22:36:48.939, 10547, 93
2026/10/03 22:36:49.204, 10547, 95
2026/10/03 22:36:49.469, 10547, 83
2026/10/03 22:36:49.733, 10547, 83
2026/10/03 22:36:49.997, 10547, 83
2026/10/03 22:36:50.261, 10547, 83
2026/10/03 22:36:50.525, 10547, 81
2026/10/03 22:36:50.791, 10547, 81
2026/10/03 22:36:51.055, 10547, 86
2026/10/03 22:36:51.319, 10547, 86
2026/10/03 22:36:51.584, 10547, 95
2026/10/03 22:36:51.848, 10547, 95
2026/10/03 22:36:52.113, 10547, 87
2026/10/03 22:36:52.366, 10547, 87
2026/10/03 22:36:52.632, 10547, 94
2026/10/03 22:36:52.896, 10547, 94
2026/10/03 22:36:53.161, 10547, 80
2026/10/03 22:36:53.425, 10547, 80
2026/10/03 22:36:53.690, 10547, 95
2026/10/03 22:36:53.954, 10547, 83
2026/10/03 22:36:54.218, 10547, 83
2026/10/03 22:36:54.483, 10547, 94
2026/10/03 22:36:54.747, 10547, 94
2026/10/03 22:36:55.012, 10547, 94
2026/10/03 22:36:55.277, 10547, 94
2026/10/03 22:36:55.542, 10547, 94
2026/10/03 22:36:55.806, 10547, 94
2026/10/03 22:36:56.071, 10547, 82
2026/10/03 22:36:56.336, 10547, 82
2026/10/03 22:36:56.601, 10547, 94
2026/10/03 22:36:56.866, 10547, 94
2026/10/03 22:36:57.130, 10547, 93
2026/10/03 22:36:57.380, 10547, 93
2026/10/03 22:36:57.645, 10547, 85
2026/10/03 22:36:57.909, 10547, 85
2026/10/03 22:36:58.174, 10547, 95
2026/10/03 22:36:58.438, 10547, 95
2026/10/03 22:36:58.703, 10547, 95
2026/10/03 22:36:58.967, 10547, 95
2026/10/03 22:36:59.231, 10547, 95
2026/10/03 22:36:59.495, 10547, 94
2026/10/03 22:36:59.759, 10547, 94
2026/10/03 22:37:00.024, 10547, 93
2026/10/03 22:37:00.288, 10547, 93
2026/10/03 22:37:00.553, 10547, 93
2026/10/03 22:37:00.818, 10547, 93
2026/10/03 22:37:01.082, 10547, 94
2026/10/03 22:37:01.347, 10547, 94
2026/10/03 22:37:01.610, 10547, 94
2026/10/03 22:37:01.862, 10547, 94
2026/10/03 22:37:02.127, 10547, 94
2026/10/03 22:37:02.391, 10547, 94
2026/10/03 22:37:02.656, 10547, 95
2026/10/03 22:37:02.920, 10547, 95
2026/10/03 22:37:03.185, 10547, 87
2026/10/03 22:37:03.449, 10547, 87
2026/10/03 22:37:03.713, 10554, 96
2026/10/03 22:37:03.978, 10554, 90
2026/10/03 22:37:04.228, 10554, 90
2026/10/03 22:37:04.493, 10554, 94
2026/10/03 22:37:04.757, 10554, 94
2026/10/03 22:37:05.021, 10554, 94
2026/10/03 22:37:05.284, 10554, 94
2026/10/03 22:37:05.550, 10554, 94
2026/10/03 22:37:05.813, 10548, 94
2026/10/03 22:37:06.077, 10548, 94
2026/10/03 22:37:06.342, 10548, 94
2026/10/03 22:37:06.593, 10548, 91
2026/10/03 22:37:06.857, 10548, 91
2026/10/03 22:37:07.107, 10548, 95
2026/10/03 22:37:07.372, 10548, 95
2026/10/03 22:37:07.636, 10548, 93
2026/10/03 22:37:07.901, 10548, 93
2026/10/03 22:37:08.164, 10996, 82
2026/10/03 22:37:08.429, 10996, 82
2026/10/03 22:37:08.692, 10996, 100
2026/10/03 22:37:08.957, 10995, 100
2026/10/03 22:37:09.223, 10995, 100
2026/10/03 22:37:09.487, 10995, 99
2026/10/03 22:37:09.752, 10995, 99
2026/10/03 22:37:10.017, 10995, 100
2026/10/03 22:37:10.270, 10995, 100
2026/10/03 22:37:10.534, 10995, 100
2026/10/03 22:37:10.798, 10995, 100
2026/10/03 22:37:11.062, 10995, 99
2026/10/03 22:37:11.327, 10995, 99
2026/10/03 22:37:11.591, 10995, 100
2026/10/03 22:37:11.854, 10995, 100
2026/10/03 22:37:12.119, 10995, 100
2026/10/03 22:37:12.383, 10995, 100
2026/10/03 22:37:12.646, 10995, 99
2026/10/03 22:37:12.911, 10995, 99
2026/10/03 22:37:13.176, 10995, 100
2026/10/03 22:37:13.440, 10995, 100
2026/10/03 22:37:13.705, 10995, 100
2026/10/03 22:37:13.955, 10995, 100
2026/10/03 22:37:14.219, 10995, 100
2026/10/03 22:37:14.484, 10995, 100
2026/10/03 22:37:14.748, 10995, 100
2026/10/03 22:37:15.012, 10995, 99
2026/10/03 22:37:15.276, 10995, 99
2026/10/03 22:37:15.540, 10995, 100
2026/10/03 22:37:15.804, 10995, 100
2026/10/03 22:37:16.056, 10995, 100
2026/10/03 22:37:16.321, 10995, 100
2026/10/03 22:37:16.587, 10995, 99
2026/10/03 22:37:16.851, 10995, 99
2026/10/03 22:37:17.116, 10995, 100
2026/10/03 22:37:17.380, 10995, 100
2026/10/03 22:37:17.645, 10995, 100
2026/10/03 22:37:17.909, 10995, 100
2026/10/03 22:37:18.174, 10995, 99
2026/10/03 22:37:18.439, 10995, 99
2026/10/03 22:37:18.703, 10995, 100
2026/10/03 22:37:18.968, 10995, 100
2026/10/03 22:37:19.231, 10995, 100
2026/10/03 22:37:19.495, 10995, 100
2026/10/03 22:37:19.759, 10995, 100
2026/10/03 22:37:20.024, 10995, 100
2026/10/03 22:37:20.274, 10995, 100
2026/10/03 22:37:20.540, 10995, 100
2026/10/03 22:37:20.803, 10995, 100
2026/10/03 22:37:21.068, 10995, 99
2026/10/03 22:37:21.319, 10995, 99
2026/10/03 22:37:21.583, 10995, 100
2026/10/03 22:37:21.848, 10995, 100
2026/10/03 22:37:22.114, 10995, 99
2026/10/03 22:37:22.379, 10995, 99
2026/10/03 22:37:22.644, 10995, 100
2026/10/03 22:37:22.909, 10995, 100
2026/10/03 22:37:23.173, 10995, 100
2026/10/03 22:37:23.437, 10995, 100
2026/10/03 22:37:23.702, 10995, 99
2026/10/03 22:37:23.967, 10995, 100
2026/10/03 22:37:24.232, 10995, 100
2026/10/03 22:37:24.496, 10995, 100
2026/10/03 22:37:24.761, 10995, 100
2026/10/03 22:37:25.013, 10995, 99
2026/10/03 22:37:25.277, 10995, 99
2026/10/03 22:37:25.542, 10995, 100
2026/10/03 22:37:25.806, 10995, 100
2026/10/03 22:37:26.071, 10995, 100
2026/10/03 22:37:26.335, 10995, 100
2026/10/03 22:37:26.599, 10995, 99
2026/10/03 22:37:26.863, 10995, 99
2026/10/03 22:37:27.127, 10995, 100
2026/10/03 22:37:27.393, 10995, 100
2026/10/03 22:37:27.645, 10995, 100
2026/10/03 22:37:27.895, 10995, 100
2026/10/03 22:37:28.159, 10995, 93
2026/10/03 22:37:28.424, 10995, 93
2026/10/03 22:37:28.674, 10995, 10
2026/10/03 22:37:28.938, 10995, 10
2026/10/03 22:37:29.202, 10995, 9
2026/10/03 22:37:29.452, 10995, 9
2026/10/03 22:37:29.717, 10995, 9
2026/10/03 22:37:29.980, 10995, 10
2026/10/03 22:37:30.244, 10995, 10
2026/10/03 22:37:30.510, 10995, 10
2026/10/03 22:37:30.773, 10995, 10
2026/10/03 22:37:31.037, 10995, 9
2026/10/03 22:37:31.301, 10995, 9
2026/10/03 22:37:31.566, 10995, 6
2026/10/03 22:37:31.830, 10995, 6
2026/10/03 22:37:32.095, 2965, 7
2026/10/03 22:37:32.347, 6687, 7
2026/10/03 22:37:32.612, 8919, 100
2026/10/03 22:37:32.864, 8919, 100
2026/10/03 22:37:33.115, 8919, 95
2026/10/03 22:37:33.380, 8921, 95
2026/10/03 22:37:33.645, 8921, 100
2026/10/03 22:37:33.910, 8921, 100
2026/10/03 22:37:34.175, 2477, 5
2026/10/03 22:37:34.439, 2477, 5
2026/10/03 22:37:34.701, 2477, 2
2026/10/03 22:37:34.964, 2477, 2
2026/10/03 22:37:35.228, 2477, 2
2026/10/03 22:37:35.491, 2477, 5
2026/10/03 22:37:35.755, 2486, 5
2026/10/03 22:37:36.020, 2684, 5
2026/10/03 22:37:36.284, 10492, 5
2026/10/03 22:37:36.550, 11108, 52
2026/10/03 22:37:36.813, 11108, 52
2026/10/03 22:37:37.077, 11108, 51
2026/10/03 22:37:37.341, 13668, 51
2026/10/03 22:37:37.606, 13854, 55
2026/10/03 22:37:37.869, 13880, 55
2026/10/03 22:37:38.133, 13880, 100
2026/10/03 22:37:38.397, 13880, 100
2026/10/03 22:37:38.661, 10958, 71
2026/10/03 22:37:38.924, 2477, 71
2026/10/03 22:37:39.188, 2477, 2
2026/10/03 22:37:39.451, 2477, 2
2026/10/03 22:37:39.715, 2477, 7
2026/10/03 22:37:39.978, 2477, 2
2026/10/03 22:37:40.243, 2477, 2
2026/10/03 22:37:40.506, 4119, 38
2026/10/03 22:37:40.770, 6659, 38
2026/10/03 22:37:41.034, 9213, 54
2026/10/03 22:37:41.298, 10839, 54
2026/10/03 22:37:41.563, 10679, 60
2026/10/03 22:37:41.828, 10679, 60
2026/10/03 22:37:42.079, 10679, 94
2026/10/03 22:37:42.344, 10679, 94
2026/10/03 22:37:42.608, 10679, 90
2026/10/03 22:37:42.872, 10679, 90
2026/10/03 22:37:43.137, 10679, 91
2026/10/03 22:37:43.402, 10679, 91
2026/10/03 22:37:43.667, 10679, 90
2026/10/03 22:37:43.931, 10679, 90
2026/10/03 22:37:44.195, 10679, 91
2026/10/03 22:37:44.458, 10679, 80
2026/10/03 22:37:44.722, 10679, 80
2026/10/03 22:37:44.976, 10679, 95
2026/10/03 22:37:45.241, 10679, 95
2026/10/03 22:37:45.505, 10679, 92
2026/10/03 22:37:45.770, 10679, 92
2026/10/03 22:37:46.034, 10679, 91
2026/10/03 22:37:46.298, 10679, 91
2026/10/03 22:37:46.563, 10679, 87
2026/10/03 22:37:46.828, 10679, 87
2026/10/03 22:37:47.092, 10679, 91
2026/10/03 22:37:47.357, 10679, 91
2026/10/03 22:37:47.608, 10679, 94
2026/10/03 22:37:47.872, 10679, 94
2026/10/03 22:37:48.137, 10679, 95
2026/10/03 22:37:48.401, 10679, 95
2026/10/03 22:37:48.666, 10679, 92
2026/10/03 22:37:48.931, 10679, 92
2026/10/03 22:37:49.196, 10679, 93
2026/10/03 22:37:49.461, 10679, 94
2026/10/03 22:37:49.711, 10679, 94
2026/10/03 22:37:49.975, 10679, 93
2026/10/03 22:37:50.226, 10679, 93
2026/10/03 22:37:50.490, 10679, 93
2026/10/03 22:37:50.753, 10679, 93
2026/10/03 22:37:51.004, 10679, 94
2026/10/03 22:37:51.255, 10679, 94
2026/10/03 22:37:51.520, 10679, 94
2026/10/03 22:37:51.771, 10679, 94
2026/10/03 22:37:52.036, 10679, 80
2026/10/03 22:37:52.300, 10679, 80
2026/10/03 22:37:52.566, 10679, 79
2026/10/03 22:37:52.821, 10679, 79
2026/10/03 22:37:53.072, 10679, 95
2026/10/03 22:37:53.337, 10679, 95
2026/10/03 22:37:53.587, 10679, 94
2026/10/03 22:37:53.839, 10679, 94
2026/10/03 22:37:54.104, 10679, 94
2026/10/03 22:37:54.368, 10679, 94
2026/10/03 22:37:54.633, 10679, 93
2026/10/03 22:37:54.897, 10679, 93
2026/10/03 22:37:55.149, 10679, 92
2026/10/03 22:37:55.412, 10679, 92
2026/10/03 22:37:55.676, 10679, 94
2026/10/03 22:37:55.940, 10679, 94
2026/10/03 22:37:56.204, 10679, 95
2026/10/03 22:37:56.455, 10679, 95
2026/10/03 22:37:56.720, 10679, 92
2026/10/03 22:37:56.985, 10679, 94
2026/10/03 22:37:57.250, 10679, 94
2026/10/03 22:37:57.514, 10679, 81
2026/10/03 22:37:57.778, 10679, 81
2026/10/03 22:37:58.042, 10679, 82
2026/10/03 22:37:58.307, 10679, 82
2026/10/03 22:37:58.571, 10679, 81
2026/10/03 22:37:58.822, 10679, 81
2026/10/03 22:37:59.086, 10679, 75
2026/10/03 22:37:59.350, 10679, 75
2026/10/03 22:37:59.601, 10679, 82
2026/10/03 22:37:59.866, 10679, 82
2026/10/03 22:38:00.130, 10679, 90
2026/10/03 22:38:00.394, 10679, 90
2026/10/03 22:38:00.658, 10679, 94
2026/10/03 22:38:00.923, 10679, 94
2026/10/03 22:38:01.174, 10679, 91
2026/10/03 22:38:01.438, 10679, 91
2026/10/03 22:38:01.703, 10679, 94
2026/10/03 22:38:01.968, 10679, 89
2026/10/03 22:38:02.232, 10679, 89
2026/10/03 22:38:02.495, 10679, 82
2026/10/03 22:38:02.760, 10679, 82
2026/10/03 22:38:03.024, 10679, 82
2026/10/03 22:38:03.288, 10679, 82
2026/10/03 22:38:03.538, 10679, 91
2026/10/03 22:38:03.803, 10679, 91
2026/10/03 22:38:04.067, 10679, 96
2026/10/03 22:38:04.331, 10679, 96
2026/10/03 22:38:04.582, 10679, 95
2026/10/03 22:38:04.847, 10679, 95
2026/10/03 22:38:05.111, 10679, 94
2026/10/03 22:38:05.364, 10679, 94
2026/10/03 22:38:05.628, 10679, 94
2026/10/03 22:38:05.892, 10679, 94
2026/10/03 22:38:06.158, 10679, 93
2026/10/03 22:38:06.423, 10679, 93
2026/10/03 22:38:06.687, 10679, 93
2026/10/03 22:38:06.951, 10679, 93
2026/10/03 22:38:07.217, 10679, 93
2026/10/03 22:38:07.482, 10679, 94
2026/10/03 22:38:07.746, 10679, 94
2026/10/03 22:38:08.011, 10679, 83
2026/10/03 22:38:08.276, 10679, 83
2026/10/03 22:38:08.540, 10679, 92
2026/10/03 22:38:08.804, 10679, 92
2026/10/03 22:38:09.056, 10679, 90
2026/10/03 22:38:09.320, 10679, 90
2026/10/03 22:38:09.571, 10679, 93
2026/10/03 22:38:09.836, 10679, 93
2026/10/03 22:38:10.100, 10679, 93
2026/10/03 22:38:10.364, 10679, 93
2026/10/03 22:38:10.629, 10679, 83
2026/10/03 22:38:10.895, 10679, 83
2026/10/03 22:38:11.159, 10679, 94
2026/10/03 22:38:11.423, 10679, 94
2026/10/03 22:38:11.675, 10679, 93
2026/10/03 22:38:11.939, 10679, 93
2026/10/03 22:38:12.204, 10679, 91
2026/10/03 22:38:12.469, 10679, 94
2026/10/03 22:38:12.734, 10679, 94
2026/10/03 22:38:12.999, 10679, 94
2026/10/03 22:38:13.263, 10679, 94
2026/10/03 22:38:13.527, 10679, 94
2026/10/03 22:38:13.791, 10679, 94
2026/10/03 22:38:14.043, 10679, 94
2026/10/03 22:38:14.307, 10679, 94
2026/10/03 22:38:14.560, 10679, 94
2026/10/03 22:38:14.825, 10679, 94
2026/10/03 22:38:15.076, 10679, 95
2026/10/03 22:38:15.326, 10679, 95
2026/10/03 22:38:15.591, 10679, 93
2026/10/03 22:38:15.842, 10679, 93
2026/10/03 22:38:16.106, 10679, 92
2026/10/03 22:38:16.370, 10679, 92
2026/10/03 22:38:16.635, 10679, 95
2026/10/03 22:38:16.899, 10679, 95
2026/10/03 22:38:17.152, 10679, 92
2026/10/03 22:38:17.417, 10679, 92
2026/10/03 22:38:17.682, 10679, 93
2026/10/03 22:38:17.948, 10679, 93
2026/10/03 22:38:18.212, 10679, 93
2026/10/03 22:38:18.476, 10679, 95
2026/10/03 22:38:18.740, 10679, 95
2026/10/03 22:38:19.005, 10679, 86
2026/10/03 22:38:19.270, 10679, 86
2026/10/03 22:38:19.520, 10679, 85
2026/10/03 22:38:19.784, 10679, 85
2026/10/03 22:38:20.036, 10679, 94
2026/10/03 22:38:20.300, 10679, 94
2026/10/03 22:38:20.551, 10679, 93
2026/10/03 22:38:20.816, 10679, 93
2026/10/03 22:38:21.080, 10679, 85
2026/10/03 22:38:21.345, 10679, 85
2026/10/03 22:38:21.609, 10679, 80
2026/10/03 22:38:21.872, 10679, 80
2026/10/03 22:38:22.136, 10679, 81
2026/10/03 22:38:22.400, 10679, 81
2026/10/03 22:38:22.666, 10679, 95
2026/10/03 22:38:22.931, 10679, 95
2026/10/03 22:38:23.182, 10679, 94
2026/10/03 22:38:23.445, 10679, 94
2026/10/03 22:38:23.710, 10679, 83
2026/10/03 22:38:23.974, 10679, 82
2026/10/03 22:38:24.238, 10679, 82
2026/10/03 22:38:24.503, 10679, 95
2026/10/03 22:38:24.768, 10679, 95
2026/10/03 22:38:25.032, 10679, 93
2026/10/03 22:38:25.297, 10679, 93
2026/10/03 22:38:25.561, 10679, 93
2026/10/03 22:38:25.825, 10679, 93
2026/10/03 22:38:26.078, 10679, 92
2026/10/03 22:38:26.329, 10679, 92
2026/10/03 22:38:26.594, 10679, 94
2026/10/03 22:38:26.858, 10679, 94
2026/10/03 22:38:27.122, 10679, 88
2026/10/03 22:38:27.374, 10679, 88
2026/10/03 22:38:27.624, 10679, 92
2026/10/03 22:38:27.889, 10679, 92
2026/10/03 22:38:28.141, 10679, 89
2026/10/03 22:38:28.405, 10679, 89
2026/10/03 22:38:28.668, 10679, 94
2026/10/03 22:38:28.932, 10679, 94
2026/10/03 22:38:29.188, 10679, 93
2026/10/03 22:38:29.453, 10679, 93
2026/10/03 22:38:29.718, 10679, 94
2026/10/03 22:38:29.981, 10679, 93
2026/10/03 22:38:30.233, 10679, 93
2026/10/03 22:38:30.497, 10679, 93
2026/10/03 22:38:30.749, 10679, 93
2026/10/03 22:38:31.014, 10679, 92
2026/10/03 22:38:31.279, 10679, 92
2026/10/03 22:38:31.545, 10679, 93
2026/10/03 22:38:31.797, 10679, 93
2026/10/03 22:38:32.062, 10679, 94
2026/10/03 22:38:32.314, 10679, 94
2026/10/03 22:38:32.565, 10679, 93
2026/10/03 22:38:32.829, 10679, 93
2026/10/03 22:38:33.094, 10679, 93
2026/10/03 22:38:33.359, 10679, 93
2026/10/03 22:38:33.624, 10679, 95
2026/10/03 22:38:33.888, 10679, 95
2026/10/03 22:38:34.153, 10679, 83
2026/10/03 22:38:34.418, 10679, 83
2026/10/03 22:38:34.682, 10679, 95
2026/10/03 22:38:34.947, 10679, 95
2026/10/03 22:38:35.201, 10679, 94
2026/10/03 22:38:35.466, 11219, 100
2026/10/03 22:38:35.730, 11219, 100
2026/10/03 22:38:35.993, 11219, 100
2026/10/03 22:38:36.258, 11219, 100
2026/10/03 22:38:36.511, 11219, 99
2026/10/03 22:38:36.762, 11219, 99
2026/10/03 22:38:37.013, 11219, 100
2026/10/03 22:38:37.277, 11219, 100
2026/10/03 22:38:37.542, 11219, 100
2026/10/03 22:38:37.808, 11219, 100
2026/10/03 22:38:38.072, 11219, 99
2026/10/03 22:38:38.324, 11219, 99
2026/10/03 22:38:38.588, 11219, 100
2026/10/03 22:38:38.839, 11219, 100
2026/10/03 22:38:39.103, 11219, 100
2026/10/03 22:38:39.368, 11219, 100
2026/10/03 22:38:39.631, 11219, 99
2026/10/03 22:38:39.895, 11219, 99
2026/10/03 22:38:40.146, 11219, 100
2026/10/03 22:38:40.397, 11219, 100
2026/10/03 22:38:40.652, 11219, 100
2026/10/03 22:38:40.917, 11219, 100
2026/10/03 22:38:41.181, 11219, 99
2026/10/03 22:38:41.446, 11219, 99
2026/10/03 22:38:41.711, 11219, 100
2026/10/03 22:38:41.974, 11219, 100
2026/10/03 22:38:42.238, 11219, 100
2026/10/03 22:38:42.504, 11219, 99
2026/10/03 22:38:42.768, 11219, 99
2026/10/03 22:38:43.018, 11219, 100
2026/10/03 22:38:43.283, 11219, 100
2026/10/03 22:38:43.548, 11219, 100
2026/10/03 22:38:43.799, 11219, 100
2026/10/03 22:38:44.049, 11219, 99
2026/10/03 22:38:44.313, 11219, 99
2026/10/03 22:38:44.577, 11219, 100
2026/10/03 22:38:44.841, 11219, 100
2026/10/03 22:38:45.092, 11219, 100
2026/10/03 22:38:45.356, 11219, 100
2026/10/03 22:38:45.620, 11219, 99
2026/10/03 22:38:45.884, 11219, 99
2026/10/03 22:38:46.137, 11219, 100
2026/10/03 22:38:46.389, 11219, 100
2026/10/03 22:38:46.653, 11219, 100
2026/10/03 22:38:46.907, 11219, 100
2026/10/03 22:38:47.158, 11219, 99
2026/10/03 22:38:47.422, 11219, 99
2026/10/03 22:38:47.687, 11219, 100
2026/10/03 22:38:47.937, 11219, 100
2026/10/03 22:38:48.203, 11219, 100
2026/10/03 22:38:48.468, 11219, 99
2026/10/03 22:38:48.720, 11219, 99
2026/10/03 22:38:48.971, 11219, 100
2026/10/03 22:38:49.225, 11219, 100
2026/10/03 22:38:49.489, 11219, 100
2026/10/03 22:38:49.753, 11219, 100
2026/10/03 22:38:50.018, 11219, 99
2026/10/03 22:38:50.283, 11219, 99
2026/10/03 22:38:50.547, 11219, 100
2026/10/03 22:38:50.811, 11219, 100
2026/10/03 22:38:51.076, 11219, 100
2026/10/03 22:38:51.341, 11219, 100
2026/10/03 22:38:51.604, 11219, 99
2026/10/03 22:38:51.855, 11219, 99
2026/10/03 22:38:52.120, 11219, 100
2026/10/03 22:38:52.384, 11219, 100
2026/10/03 22:38:52.649, 11219, 100
2026/10/03 22:38:52.913, 11219, 100
2026/10/03 22:38:53.179, 11219, 99
2026/10/03 22:38:53.443, 11219, 99
2026/10/03 22:38:53.695, 11219, 100
2026/10/03 22:38:53.960, 11219, 100
2026/10/03 22:38:54.213, 11219, 100
2026/10/03 22:38:54.477, 11219, 99
2026/10/03 22:38:54.741, 11219, 99
2026/10/03 22:38:54.992, 11219, 100
2026/10/03 22:38:55.255, 11219, 100
2026/10/03 22:38:55.520, 11219, 100
2026/10/03 22:38:55.784, 11219, 100
2026/10/03 22:38:56.035, 11219, 99
2026/10/03 22:38:56.289, 11219, 99
2026/10/03 22:38:56.540, 11219, 100
2026/10/03 22:38:56.793, 11219, 100
2026/10/03 22:38:57.056, 11219, 100
2026/10/03 22:38:57.307, 11219, 100
2026/10/03 22:38:57.560, 11219, 99
2026/10/03 22:38:57.825, 11219, 99
2026/10/03 22:38:58.089, 11219, 100
2026/10/03 22:38:58.353, 11219, 100
2026/10/03 22:38:58.618, 11219, 100
2026/10/03 22:38:58.883, 11219, 100
2026/10/03 22:38:59.148, 11219, 99
2026/10/03 22:38:59.399, 11219, 99
2026/10/03 22:38:59.663, 11219, 100
2026/10/03 22:38:59.927, 11219, 100
2026/10/03 22:39:00.191, 11219, 7
2026/10/03 22:39:00.456, 11219, 7
2026/10/03 22:39:00.720, 11219, 35
2026/10/03 22:39:00.984, 11219, 9
2026/10/03 22:39:01.249, 11219, 9
2026/10/03 22:39:01.514, 11219, 9
2026/10/03 22:39:01.778, 11219, 9
2026/10/03 22:39:02.042, 11219, 8
2026/10/03 22:39:02.306, 11219, 8
2026/10/03 22:39:02.571, 11219, 7
2026/10/03 22:39:02.836, 11219, 7
2026/10/03 22:39:03.100, 6707, 15
2026/10/03 22:39:03.356, 7835, 15
2026/10/03 22:39:03.620, 8939, 100
2026/10/03 22:39:03.872, 8939, 100
2026/10/03 22:39:04.136, 8939, 100
2026/10/03 22:39:04.400, 8939, 100
2026/10/03 22:39:04.651, 8939, 100
2026/10/03 22:39:04.902, 8939, 100
2026/10/03 22:39:05.167, 2479, 79
2026/10/03 22:39:05.432, 2479, 79
2026/10/03 22:39:05.694, 2479, 2
2026/10/03 22:39:05.958, 2479, 2
2026/10/03 22:39:06.222, 2479, 2
2026/10/03 22:39:06.485, 2479, 2
2026/10/03 22:39:06.748, 2686, 2
2026/10/03 22:39:07.012, 7934, 25
2026/10/03 22:39:07.276, 11110, 25
2026/10/03 22:39:07.540, 11110, 33
2026/10/03 22:39:07.804, 11110, 33
2026/10/03 22:39:08.068, 11110, 43
2026/10/03 22:39:08.331, 13856, 43
2026/10/03 22:39:08.594, 13882, 2
2026/10/03 22:39:08.858, 13882, 2
2026/10/03 22:39:09.122, 13882, 100
2026/10/03 22:39:09.386, 13882, 100
2026/10/03 22:39:09.650, 13882, 98
2026/10/03 22:39:09.915, 13882, 98
2026/10/03 22:39:10.178, 13882, 98
2026/10/03 22:39:10.440, 13882, 98
2026/10/03 22:39:10.704, 13882, 98
2026/10/03 22:39:10.967, 13882, 97
2026/10/03 22:39:11.231, 13882, 97
2026/10/03 22:39:11.496, 13882, 98
2026/10/03 22:39:11.761, 13882, 98
2026/10/03 22:39:12.025, 13882, 98
2026/10/03 22:39:12.289, 13882, 98
2026/10/03 22:39:12.554, 13882, 98
2026/10/03 22:39:12.818, 13882, 98
2026/10/03 22:39:13.083, 13882, 98
2026/10/03 22:39:13.347, 13882, 98
2026/10/03 22:39:13.611, 13882, 97
2026/10/03 22:39:13.875, 13882, 97
2026/10/03 22:39:14.139, 13882, 98
2026/10/03 22:39:14.403, 13882, 98
2026/10/03 22:39:14.668, 13882, 97
2026/10/03 22:39:14.931, 13882, 97
2026/10/03 22:39:15.194, 13882, 98
2026/10/03 22:39:15.458, 13882, 98
2026/10/03 22:39:15.722, 13882, 98
2026/10/03 22:39:15.986, 13882, 98
2026/10/03 22:39:16.250, 13882, 98
2026/10/03 22:39:16.514, 13882, 98
2026/10/03 22:39:16.777, 13882, 98
2026/10/03 22:39:17.042, 13882, 98
2026/10/03 22:39:17.306, 13882, 98
2026/10/03 22:39:17.571, 13882, 98
2026/10/03 22:39:17.835, 13882, 98
2026/10/03 22:39:18.098, 13882, 98
2026/10/03 22:39:18.362, 13882, 98
2026/10/03 22:39:18.627, 13882, 98
2026/10/03 22:39:18.893, 13882, 98
2026/10/03 22:39:19.143, 13882, 97
2026/10/03 22:39:19.407, 3496, 97
2026/10/03 22:39:19.670, 2479, 3
2026/10/03 22:39:19.934, 2479, 3
2026/10/03 22:39:20.198, 2479, 12
2026/10/03 22:39:20.461, 2479, 12
2026/10/03 22:39:20.723, 2479, 2
2026/10/03 22:39:20.987, 2479, 1
2026/10/03 22:39:21.251, 3201, 1
2026/10/03 22:39:21.514, 5357, 60
2026/10/03 22:39:21.765, 7573, 60
2026/10/03 22:39:22.030, 10845, 54
2026/10/03 22:39:22.295, 10701, 54
2026/10/03 22:39:22.546, 10701, 94
2026/10/03 22:39:22.811, 10701, 94
2026/10/03 22:39:23.077, 10701, 92
2026/10/03 22:39:23.342, 10701, 92
2026/10/03 22:39:23.606, 10701, 91
2026/10/03 22:39:23.856, 10701, 91
2026/10/03 22:39:24.122, 10701, 94
2026/10/03 22:39:24.387, 10701, 94
2026/10/03 22:39:24.652, 10701, 88
2026/10/03 22:39:24.902, 10701, 88
2026/10/03 22:39:25.168, 10701, 91
2026/10/03 22:39:25.434, 10701, 91
2026/10/03 22:39:25.699, 10701, 77
2026/10/03 22:39:25.949, 10701, 77
2026/10/03 22:39:26.214, 10701, 95
2026/10/03 22:39:26.479, 10701, 94
2026/10/03 22:39:26.731, 10701, 94
2026/10/03 22:39:26.996, 10701, 83
2026/10/03 22:39:27.260, 10701, 83
2026/10/03 22:39:27.525, 10701, 94
2026/10/03 22:39:27.790, 10701, 94
2026/10/03 22:39:28.054, 10701, 93
2026/10/03 22:39:28.306, 10701, 93
2026/10/03 22:39:28.557, 10701, 92
2026/10/03 22:39:28.821, 10701, 92
2026/10/03 22:39:29.085, 10701, 81
2026/10/03 22:39:29.350, 10701, 81
2026/10/03 22:39:29.600, 10701, 81
2026/10/03 22:39:29.853, 10701, 81
2026/10/03 22:39:30.118, 10701, 91
2026/10/03 22:39:30.383, 10701, 91
2026/10/03 22:39:30.648, 10701, 81
2026/10/03 22:39:30.913, 10701, 81
2026/10/03 22:39:31.178, 10701, 93
2026/10/03 22:39:31.443, 10701, 93
2026/10/03 22:39:31.707, 10701, 82
2026/10/03 22:39:31.972, 10701, 93
2026/10/03 22:39:32.236, 10701, 93
2026/10/03 22:39:32.501, 10701, 94
2026/10/03 22:39:32.766, 10701, 94
2026/10/03 22:39:33.031, 10701, 91
2026/10/03 22:39:33.296, 10701, 91
2026/10/03 22:39:33.547, 10701, 95
2026/10/03 22:39:33.812, 10701, 95
2026/10/03 22:39:34.075, 10701, 92
2026/10/03 22:39:34.341, 10701, 92
2026/10/03 22:39:34.592, 10701, 94
2026/10/03 22:39:34.842, 10701, 94
2026/10/03 22:39:35.093, 10701, 81
2026/10/03 22:39:35.359, 10701, 81
2026/10/03 22:39:35.623, 10701, 92
2026/10/03 22:39:35.887, 10701, 92
2026/10/03 22:39:36.152, 10701, 84
2026/10/03 22:39:36.417, 10701, 84
2026/10/03 22:39:36.681, 10701, 93
2026/10/03 22:39:36.946, 10701, 93
2026/10/03 22:39:37.210, 10701, 81
2026/10/03 22:39:37.474, 10701, 94
2026/10/03 22:39:37.739, 10701, 94
2026/10/03 22:39:38.004, 10701, 94
2026/10/03 22:39:38.254, 10701, 94
2026/10/03 22:39:38.506, 10701, 92
2026/10/03 22:39:38.770, 10701, 92
2026/10/03 22:39:39.022, 10701, 92
2026/10/03 22:39:39.287, 10701, 92
2026/10/03 22:39:39.552, 10701, 94
2026/10/03 22:39:39.816, 10701, 94
2026/10/03 22:39:40.081, 10701, 92
2026/10/03 22:39:40.347, 10701, 92
2026/10/03 22:39:40.612, 10701, 83
2026/10/03 22:39:40.865, 10701, 83
2026/10/03 22:39:41.115, 10701, 95
2026/10/03 22:39:41.380, 10701, 95
2026/10/03 22:39:41.645, 10701, 94
2026/10/03 22:39:41.909, 10701, 94
2026/10/03 22:39:42.174, 10701, 79
2026/10/03 22:39:42.439, 10701, 79
2026/10/03 22:39:42.704, 10701, 93
2026/10/03 22:39:42.968, 10701, 70
2026/10/03 22:39:43.234, 10701, 70
2026/10/03 22:39:43.500, 10701, 94
2026/10/03 22:39:43.764, 10701, 94
2026/10/03 22:39:44.015, 10701, 89
2026/10/03 22:39:44.268, 10701, 89
2026/10/03 22:39:44.519, 10701, 93
2026/10/03 22:39:44.769, 10701, 93
2026/10/03 22:39:45.033, 10701, 82
2026/10/03 22:39:45.285, 10701, 82
2026/10/03 22:39:45.550, 10701, 94
2026/10/03 22:39:45.801, 10701, 94
2026/10/03 22:39:46.066, 10701, 94
2026/10/03 22:39:46.317, 10701, 94
2026/10/03 22:39:46.581, 10701, 94
2026/10/03 22:39:46.845, 10701, 94
2026/10/03 22:39:47.109, 10701, 92
2026/10/03 22:39:47.365, 10701, 92
2026/10/03 22:39:47.629, 10701, 94
2026/10/03 22:39:47.895, 10701, 94
2026/10/03 22:39:48.145, 10701, 93
2026/10/03 22:39:48.409, 10701, 93
2026/10/03 22:39:48.673, 10701, 95
2026/10/03 22:39:48.938, 10701, 95
2026/10/03 22:39:49.203, 10701, 80
2026/10/03 22:39:49.468, 10701, 91
2026/10/03 22:39:49.732, 10701, 91
2026/10/03 22:39:49.997, 10701, 94
2026/10/03 22:39:50.262, 10701, 94
2026/10/03 22:39:50.528, 10701, 92
2026/10/03 22:39:50.794, 10701, 92
2026/10/03 22:39:51.059, 10701, 92
2026/10/03 22:39:51.323, 10701, 92
2026/10/03 22:39:51.587, 10701, 94
2026/10/03 22:39:51.852, 10701, 94
2026/10/03 22:39:52.116, 10701, 90
2026/10/03 22:39:52.380, 10701, 90
2026/10/03 22:39:52.644, 10701, 91
2026/10/03 22:39:52.897, 10701, 91
2026/10/03 22:39:53.163, 10701, 94
2026/10/03 22:39:53.427, 10701, 94
2026/10/03 22:39:53.691, 10701, 92
2026/10/03 22:39:53.957, 10701, 92
2026/10/03 22:39:54.209, 10701, 92
2026/10/03 22:39:54.473, 10701, 90
2026/10/03 22:39:54.737, 10701, 90
2026/10/03 22:39:55.001, 10701, 91
2026/10/03 22:39:55.265, 10701, 91
2026/10/03 22:39:55.518, 10701, 95
2026/10/03 22:39:55.768, 10701, 95
2026/10/03 22:39:56.018, 10701, 81
2026/10/03 22:39:56.283, 10701, 81
2026/10/03 22:39:56.533, 10701, 94
2026/10/03 22:39:56.797, 10701, 94
2026/10/03 22:39:57.048, 10701, 94
2026/10/03 22:39:57.313, 10701, 94
2026/10/03 22:39:57.578, 10701, 83
2026/10/03 22:39:57.842, 10701, 83
2026/10/03 22:39:58.107, 10701, 90
2026/10/03 22:39:58.371, 10701, 90
2026/10/03 22:39:58.635, 10701, 82
2026/10/03 22:39:58.900, 10701, 82
2026/10/03 22:39:59.164, 10701, 93
2026/10/03 22:39:59.415, 10701, 93
2026/10/03 22:39:59.666, 10701, 94
2026/10/03 22:39:59.931, 10701, 94
2026/10/03 22:40:00.182, 10701, 93
2026/10/03 22:40:00.446, 10701, 93
2026/10/03 22:40:00.711, 10701, 90
2026/10/03 22:40:00.975, 10701, 82
2026/10/03 22:40:01.240, 10701, 82
2026/10/03 22:40:01.492, 10701, 95
2026/10/03 22:40:01.757, 10701, 95
2026/10/03 22:40:02.022, 10701, 92
2026/10/03 22:40:02.287, 10701, 92
2026/10/03 22:40:02.551, 10701, 90
2026/10/03 22:40:02.816, 10701, 90
2026/10/03 22:40:03.080, 10701, 93
2026/10/03 22:40:03.346, 10701, 93
2026/10/03 22:40:03.610, 10701, 93
2026/10/03 22:40:03.875, 10701, 93
2026/10/03 22:40:04.126, 10708, 87
2026/10/03 22:40:04.391, 10708, 87
2026/10/03 22:40:04.655, 10708, 95
2026/10/03 22:40:04.919, 10708, 95
2026/10/03 22:40:05.171, 10708, 91
2026/10/03 22:40:05.437, 10708, 91
2026/10/03 22:40:05.701, 10708, 94
2026/10/03 22:40:05.966, 10706, 94
2026/10/03 22:40:06.230, 10702, 94
2026/10/03 22:40:06.495, 10702, 93
2026/10/03 22:40:06.759, 10702, 93
2026/10/03 22:40:07.024, 10702, 93
2026/10/03 22:40:07.288, 10702, 93
2026/10/03 22:40:07.539, 10702, 94
2026/10/03 22:40:07.793, 10702, 94
2026/10/03 22:40:08.057, 10702, 94
2026/10/03 22:40:08.320, 10702, 94
2026/10/03 22:40:08.585, 10702, 95
2026/10/03 22:40:08.849, 10702, 95
2026/10/03 22:40:09.099, 10702, 83
2026/10/03 22:40:09.363, 10702, 83
2026/10/03 22:40:09.628, 10702, 92
2026/10/03 22:40:09.892, 10701, 92
2026/10/03 22:40:10.156, 10701, 93
2026/10/03 22:40:10.408, 10701, 93
2026/10/03 22:40:10.659, 10701, 94
2026/10/03 22:40:10.925, 10701, 94
2026/10/03 22:40:11.189, 10701, 83
2026/10/03 22:40:11.453, 10701, 83
2026/10/03 22:40:11.717, 10701, 93
2026/10/03 22:40:11.982, 10701, 94
2026/10/03 22:40:12.247, 10701, 94
2026/10/03 22:40:12.512, 10701, 93
2026/10/03 22:40:12.768, 10701, 93
2026/10/03 22:40:13.033, 10701, 93
2026/10/03 22:40:13.297, 10701, 93
2026/10/03 22:40:13.561, 10701, 95
2026/10/03 22:40:13.826, 10701, 95
2026/10/03 22:40:14.091, 10701, 94
2026/10/03 22:40:14.354, 10701, 94
2026/10/03 22:40:14.619, 10701, 90
2026/10/03 22:40:14.875, 10701, 90
2026/10/03 22:40:15.140, 10701, 93
2026/10/03 22:40:15.404, 10701, 93
2026/10/03 22:40:15.668, 10701, 94
2026/10/03 22:40:15.932, 10701, 94
2026/10/03 22:40:16.197, 11241, 94
2026/10/03 22:40:16.448, 11241, 94
2026/10/03 22:40:16.712, 11241, 100
2026/10/03 22:40:16.976, 11241, 99
2026/10/03 22:40:17.241, 11241, 99
2026/10/03 22:40:17.505, 11241, 100
2026/10/03 22:40:17.770, 11241, 100
2026/10/03 22:40:18.034, 11241, 100
2026/10/03 22:40:18.299, 11241, 100
2026/10/03 22:40:18.564, 11241, 99
2026/10/03 22:40:18.829, 11241, 99
2026/10/03 22:40:19.093, 11241, 100
2026/10/03 22:40:19.356, 11241, 100
2026/10/03 22:40:19.607, 11241, 100
2026/10/03 22:40:19.872, 11241, 100
2026/10/03 22:40:20.123, 11241, 100
2026/10/03 22:40:20.387, 11241, 100
2026/10/03 22:40:20.653, 11241, 100
2026/10/03 22:40:20.918, 11241, 100
2026/10/03 22:40:21.182, 11241, 100
2026/10/03 22:40:21.434, 11241, 100
2026/10/03 22:40:21.699, 11241, 100
2026/10/03 22:40:21.963, 11241, 100
2026/10/03 22:40:22.228, 11241, 100
2026/10/03 22:40:22.492, 11241, 100
2026/10/03 22:40:22.757, 11241, 100
2026/10/03 22:40:23.021, 11241, 100
2026/10/03 22:40:23.285, 11241, 100
2026/10/03 22:40:23.550, 11241, 100
2026/10/03 22:40:23.814, 11241, 100
2026/10/03 22:40:24.080, 11241, 100
2026/10/03 22:40:24.345, 11241, 100
2026/10/03 22:40:24.609, 11241, 100
2026/10/03 22:40:24.862, 11241, 100
2026/10/03 22:40:25.126, 11241, 99
2026/10/03 22:40:25.391, 11241, 99
2026/10/03 22:40:25.656, 11241, 100
2026/10/03 22:40:25.919, 11241, 100
2026/10/03 22:40:26.183, 11241, 100
2026/10/03 22:40:26.447, 11241, 100
2026/10/03 22:40:26.712, 11241, 99
2026/10/03 22:40:26.976, 11241, 100
2026/10/03 22:40:27.241, 11241, 100
2026/10/03 22:40:27.505, 11241, 100
2026/10/03 22:40:27.770, 11241, 100
2026/10/03 22:40:28.021, 11241, 99
2026/10/03 22:40:28.274, 11241, 99
2026/10/03 22:40:28.538, 11241, 100
2026/10/03 22:40:28.803, 11241, 100
2026/10/03 22:40:29.067, 11241, 100
2026/10/03 22:40:29.331, 11241, 100
2026/10/03 22:40:29.595, 11241, 99
2026/10/03 22:40:29.859, 11241, 99
2026/10/03 22:40:30.110, 11241, 100
2026/10/03 22:40:30.374, 11241, 100
2026/10/03 22:40:30.638, 11241, 100
2026/10/03 22:40:30.902, 11241, 100
2026/10/03 22:40:31.153, 11241, 99
2026/10/03 22:40:31.418, 11241, 99
2026/10/03 22:40:31.682, 11241, 100
2026/10/03 22:40:31.947, 11241, 100
2026/10/03 22:40:32.211, 11241, 100
2026/10/03 22:40:32.475, 11241, 99
2026/10/03 22:40:32.739, 11241, 99
2026/10/03 22:40:33.003, 11241, 100
2026/10/03 22:40:33.269, 11241, 100
2026/10/03 22:40:33.519, 11241, 100
2026/10/03 22:40:33.783, 11241, 100
2026/10/03 22:40:34.048, 11241, 99
2026/10/03 22:40:34.311, 11241, 99
2026/10/03 22:40:34.576, 11241, 100
2026/10/03 22:40:34.840, 11241, 100
2026/10/03 22:40:35.104, 11241, 100
2026/10/03 22:40:35.368, 11241, 100
2026/10/03 22:40:35.632, 11241, 99
2026/10/03 22:40:35.897, 11241, 99
2026/10/03 22:40:36.162, 11241, 100
2026/10/03 22:40:36.426, 11241, 100
2026/10/03 22:40:36.691, 11241, 100
2026/10/03 22:40:36.955, 11241, 100
2026/10/03 22:40:37.219, 11241, 100
2026/10/03 22:40:37.484, 11241, 100
2026/10/03 22:40:37.737, 11241, 100
2026/10/03 22:40:37.991, 11241, 100
2026/10/03 22:40:38.255, 11241, 100
2026/10/03 22:40:38.520, 11241, 99
2026/10/03 22:40:38.774, 11241, 99
2026/10/03 22:40:39.038, 11241, 100
2026/10/03 22:40:39.302, 11241, 100
2026/10/03 22:40:39.566, 11241, 100
2026/10/03 22:40:39.830, 11241, 100
2026/10/03 22:40:40.094, 11241, 99
2026/10/03 22:40:40.359, 11241, 99
2026/10/03 22:40:40.625, 11241, 100
2026/10/03 22:40:40.888, 11241, 100
2026/10/03 22:40:41.152, 11241, 7
2026/10/03 22:40:41.417, 11241, 7
2026/10/03 22:40:41.680, 11241, 42
2026/10/03 22:40:41.945, 11241, 42
2026/10/03 22:40:42.209, 11241, 9
2026/10/03 22:40:42.474, 11241, 7
2026/10/03 22:40:42.739, 3069, 7
2026/10/03 22:40:42.990, 6729, 100
2026/10/03 22:40:43.254, 8961, 100
2026/10/03 22:40:43.518, 8963, 100
2026/10/03 22:40:43.784, 8963, 100
2026/10/03 22:40:44.049, 8963, 98
2026/10/03 22:40:44.314, 8963, 98
2026/10/03 22:40:44.578, 8963, 100
2026/10/03 22:40:44.843, 8963, 100
2026/10/03 22:40:45.107, 2545, 10
2026/10/03 22:40:45.370, 2545, 10
2026/10/03 22:40:45.633, 2545, 1
2026/10/03 22:40:45.897, 2545, 1
2026/10/03 22:40:46.161, 2752, 2
2026/10/03 22:40:46.424, 2752, 2
2026/10/03 22:40:46.688, 3840, 7
2026/10/03 22:40:46.953, 11176, 7
2026/10/03 22:40:47.216, 11176, 51
2026/10/03 22:40:47.481, 11176, 35
2026/10/03 22:40:47.744, 11176, 35
2026/10/03 22:40:48.008, 13924, 31
2026/10/03 22:40:48.272, 13948, 31
2026/10/03 22:40:48.536, 13948, 100
2026/10/03 22:40:48.801, 13948, 100
2026/10/03 22:40:49.063, 2545, 43
2026/10/03 22:40:49.327, 2545, 43
2026/10/03 22:40:49.592, 2600, 13
2026/10/03 22:40:49.854, 2545, 13
2026/10/03 22:40:50.117, 2545, 2
2026/10/03 22:40:50.380, 2545, 2
2026/10/03 22:40:50.644, 2545, 2
2026/10/03 22:40:50.909, 4879, 2
2026/10/03 22:40:51.172, 7411, 59
2026/10/03 22:40:51.437, 10647, 59
2026/10/03 22:40:51.687, 10613, 43
2026/10/03 22:40:51.940, 10613, 43
2026/10/03 22:40:52.204, 10613, 86
2026/10/03 22:40:52.468, 10613, 86
2026/10/03 22:40:52.733, 10613, 78
2026/10/03 22:40:52.998, 10613, 81
2026/10/03 22:40:53.262, 10613, 81
2026/10/03 22:40:53.527, 10613, 94
2026/10/03 22:40:53.790, 10613, 94
2026/10/03 22:40:54.055, 10613, 91
2026/10/03 22:40:54.307, 10613, 91
2026/10/03 22:40:54.572, 10613, 85
2026/10/03 22:40:54.837, 10613, 85
2026/10/03 22:40:55.102, 10613, 83
2026/10/03 22:40:55.367, 10613, 83
2026/10/03 22:40:55.631, 10613, 82
2026/10/03 22:40:55.896, 10613, 82
2026/10/03 22:40:56.146, 10613, 79
2026/10/03 22:40:56.411, 10613, 79
2026/10/03 22:40:56.676, 10613, 91
2026/10/03 22:40:56.940, 10613, 91
2026/10/03 22:40:57.205, 10613, 85
2026/10/03 22:40:57.469, 10613, 85
2026/10/03 22:40:57.734, 10613, 94
2026/10/03 22:40:58.000, 10613, 95
2026/10/03 22:40:58.264, 10613, 95
2026/10/03 22:40:58.530, 10613, 95
2026/10/03 22:40:58.796, 10613, 95
2026/10/03 22:40:59.060, 10613, 94
2026/10/03 22:40:59.326, 10613, 94
2026/10/03 22:40:59.590, 10613, 96
2026/10/03 22:40:59.856, 10613, 96
2026/10/03 22:41:00.120, 10613, 94
2026/10/03 22:41:00.385, 10613, 94
2026/10/03 22:41:00.649, 10613, 86
2026/10/03 22:41:00.913, 10613, 86
2026/10/03 22:41:01.177, 10613, 95
2026/10/03 22:41:01.441, 10613, 95
2026/10/03 22:41:01.706, 10613, 93
2026/10/03 22:41:01.958, 10613, 93
2026/10/03 22:41:02.222, 10613, 91
2026/10/03 22:41:02.487, 10613, 93
2026/10/03 22:41:02.738, 10613, 93
2026/10/03 22:41:03.002, 10613, 94
2026/10/03 22:41:03.266, 10613, 94
2026/10/03 22:41:03.530, 10613, 93
2026/10/03 22:41:03.794, 10613, 93
2026/10/03 22:41:04.059, 10613, 81
2026/10/03 22:41:04.324, 10613, 81
2026/10/03 22:41:04.588, 10613, 95
2026/10/03 22:41:04.852, 10613, 95
2026/10/03 22:41:05.116, 10613, 79
2026/10/03 22:41:05.381, 10613, 79
2026/10/03 22:41:05.646, 10613, 94
2026/10/03 22:41:05.911, 10613, 94
2026/10/03 22:41:06.175, 10613, 80
2026/10/03 22:41:06.428, 10613, 80
2026/10/03 22:41:06.692, 10613, 95
2026/10/03 22:41:06.957, 10613, 95
2026/10/03 22:41:07.221, 10613, 91
2026/10/03 22:41:07.485, 10613, 94
2026/10/03 22:41:07.750, 10613, 94
2026/10/03 22:41:08.000, 10613, 94
2026/10/03 22:41:08.265, 10613, 94
2026/10/03 22:41:08.529, 10613, 91
2026/10/03 22:41:08.795, 10613, 91
2026/10/03 22:41:09.059, 10613, 78
2026/10/03 22:41:09.324, 10613, 78
2026/10/03 22:41:09.588, 10613, 91
2026/10/03 22:41:09.852, 10613, 91
2026/10/03 22:41:10.102, 10613, 92
2026/10/03 22:41:10.366, 10613, 92
2026/10/03 22:41:10.632, 10613, 92
2026/10/03 22:41:10.895, 10613, 92
2026/10/03 22:41:11.160, 10613, 94
2026/10/03 22:41:11.424, 10613, 94
2026/10/03 22:41:11.674, 10613, 93
2026/10/03 22:41:11.926, 10613, 93
2026/10/03 22:41:12.190, 10613, 92
2026/10/03 22:41:12.454, 10613, 92
2026/10/03 22:41:12.717, 10613, 89
2026/10/03 22:41:12.982, 10613, 93
2026/10/03 22:41:13.233, 10613, 93
2026/10/03 22:41:13.496, 10613, 95
2026/10/03 22:41:13.760, 10613, 95
2026/10/03 22:41:14.024, 10613, 94
2026/10/03 22:41:14.288, 10613, 94
2026/10/03 22:41:14.554, 10613, 81
2026/10/03 22:41:14.819, 10613, 81
2026/10/03 22:41:15.084, 10613, 93
2026/10/03 22:41:15.335, 10613, 93
2026/10/03 22:41:15.600, 10613, 93
2026/10/03 22:41:15.865, 10613, 93
2026/10/03 22:41:16.130, 10613, 78
2026/10/03 22:41:16.394, 10613, 78
2026/10/03 22:41:16.658, 10613, 93
2026/10/03 22:41:16.922, 10613, 93
2026/10/03 22:41:17.187, 10613, 82
2026/10/03 22:41:17.453, 10613, 82
2026/10/03 22:41:17.706, 10613, 89
2026/10/03 22:41:17.971, 10613, 89
2026/10/03 22:41:18.235, 10613, 92
2026/10/03 22:41:18.499, 10613, 85
2026/10/03 22:41:18.765, 10613, 85
2026/10/03 22:41:19.015, 10613, 94
2026/10/03 22:41:19.279, 10613, 94
2026/10/03 22:41:19.543, 10613, 94
2026/10/03 22:41:19.807, 10613, 94
2026/10/03 22:41:20.071, 10613, 94
2026/10/03 22:41:20.336, 10613, 94
2026/10/03 22:41:20.601, 10613, 92
2026/10/03 22:41:20.865, 10613, 92
2026/10/03 22:41:21.117, 10613, 94
2026/10/03 22:41:21.368, 10613, 94
2026/10/03 22:41:21.632, 10613, 89
2026/10/03 22:41:21.896, 10613, 89
2026/10/03 22:41:22.161, 10613, 93
2026/10/03 22:41:22.426, 10613, 93
2026/10/03 22:41:22.689, 10613, 92
2026/10/03 22:41:22.953, 10613, 92
2026/10/03 22:41:23.218, 10613, 90
2026/10/03 22:41:23.482, 10613, 92
2026/10/03 22:41:23.732, 10613, 92
2026/10/03 22:41:23.997, 10613, 95
2026/10/03 22:41:24.261, 10613, 95
2026/10/03 22:41:24.526, 10613, 94
2026/10/03 22:41:24.789, 10613, 94
2026/10/03 22:41:25.053, 10613, 94
2026/10/03 22:41:25.304, 10613, 94
2026/10/03 22:41:25.569, 10613, 94
2026/10/03 22:41:25.833, 10613, 94
2026/10/03 22:41:26.098, 10613, 94
2026/10/03 22:41:26.362, 10613, 94
2026/10/03 22:41:26.616, 10613, 94
2026/10/03 22:41:26.882, 10613, 94
2026/10/03 22:41:27.146, 10613, 93
2026/10/03 22:41:27.411, 10613, 93
2026/10/03 22:41:27.675, 10613, 84
2026/10/03 22:41:27.940, 10613, 84
2026/10/03 22:41:28.203, 10613, 94
2026/10/03 22:41:28.468, 10613, 94
2026/10/03 22:41:28.719, 10613, 92
2026/10/03 22:41:28.983, 10613, 91
2026/10/03 22:41:29.234, 10613, 91
2026/10/03 22:41:29.499, 10613, 82
2026/10/03 22:41:29.762, 10613, 82
2026/10/03 22:41:30.026, 10613, 94
2026/10/03 22:41:30.290, 10613, 94
2026/10/03 22:41:30.541, 10613, 92
2026/10/03 22:41:30.792, 10613, 92
2026/10/03 22:41:31.057, 10613, 93
2026/10/03 22:41:31.322, 10613, 93
2026/10/03 22:41:31.586, 10613, 82
2026/10/03 22:41:31.850, 10613, 82
2026/10/03 22:41:32.115, 10613, 80
2026/10/03 22:41:32.365, 10613, 80
2026/10/03 22:41:32.630, 10613, 94
2026/10/03 22:41:32.895, 10613, 94
2026/10/03 22:41:33.159, 10613, 95
2026/10/03 22:41:33.424, 10613, 95
2026/10/03 22:41:33.675, 10613, 93
2026/10/03 22:41:33.938, 10613, 93
2026/10/03 22:41:34.202, 10613, 91
2026/10/03 22:41:34.466, 10613, 91
2026/10/03 22:41:34.732, 10613, 94
2026/10/03 22:41:34.996, 11045, 100
2026/10/03 22:41:35.246, 11045, 100
2026/10/03 22:41:35.496, 11045, 99
2026/10/03 22:41:35.760, 11045, 99
2026/10/03 22:41:36.025, 11045, 100
2026/10/03 22:41:36.289, 11045, 100
2026/10/03 22:41:36.554, 11045, 100
2026/10/03 22:41:36.818, 11045, 100
2026/10/03 22:41:37.081, 11045, 100
2026/10/03 22:41:37.345, 11045, 100
2026/10/03 22:41:37.611, 11045, 100
2026/10/03 22:41:37.875, 11045, 100
2026/10/03 22:41:38.138, 11045, 100
2026/10/03 22:41:38.403, 11045, 100
2026/10/03 22:41:38.667, 11045, 100
2026/10/03 22:41:38.932, 11045, 100
2026/10/03 22:41:39.182, 11045, 99
2026/10/03 22:41:39.436, 11045, 99
2026/10/03 22:41:39.701, 11045, 100
2026/10/03 22:41:39.952, 11045, 100
2026/10/03 22:41:40.216, 11045, 100
2026/10/03 22:41:40.467, 11045, 100
2026/10/03 22:41:40.720, 11045, 99
2026/10/03 22:41:40.984, 11045, 100
2026/10/03 22:41:41.247, 11045, 100
2026/10/03 22:41:41.512, 11045, 100
2026/10/03 22:41:41.777, 11045, 100
2026/10/03 22:41:42.042, 11045, 100
2026/10/03 22:41:42.307, 11045, 100
2026/10/03 22:41:42.570, 11045, 99
2026/10/03 22:41:42.834, 11045, 99
2026/10/03 22:41:43.099, 11045, 100
2026/10/03 22:41:43.364, 11045, 100
2026/10/03 22:41:43.629, 11045, 100
2026/10/03 22:41:43.880, 11045, 100
2026/10/03 22:41:44.144, 11045, 99
2026/10/03 22:41:44.407, 11045, 99
2026/10/03 22:41:44.671, 11045, 100
2026/10/03 22:41:44.936, 11045, 100
2026/10/03 22:41:45.200, 11045, 100
2026/10/03 22:41:45.465, 11045, 100
2026/10/03 22:41:45.729, 11045, 99
2026/10/03 22:41:45.994, 11045, 99
2026/10/03 22:41:46.244, 11045, 99
2026/10/03 22:41:46.509, 11045, 100
2026/10/03 22:41:46.773, 11045, 100
2026/10/03 22:41:47.037, 11045, 100
2026/10/03 22:41:47.288, 11045, 100
2026/10/03 22:41:47.554, 11045, 99
2026/10/03 22:41:47.806, 11045, 99
2026/10/03 22:41:48.057, 11045, 100
2026/10/03 22:41:48.322, 11045, 100
2026/10/03 22:41:48.585, 11045, 100
2026/10/03 22:41:48.850, 11045, 100
2026/10/03 22:41:49.115, 11045, 99
2026/10/03 22:41:49.379, 11045, 99
2026/10/03 22:41:49.629, 11045, 100
2026/10/03 22:41:49.893, 11045, 100
2026/10/03 22:41:50.158, 11045, 100
2026/10/03 22:41:50.422, 11045, 100
2026/10/03 22:41:50.686, 11045, 100
2026/10/03 22:41:50.938, 11045, 100
2026/10/03 22:41:51.203, 11045, 99
2026/10/03 22:41:51.467, 11045, 99
2026/10/03 22:41:51.732, 11045, 100
2026/10/03 22:41:51.996, 11045, 100
2026/10/03 22:41:52.260, 11045, 100
2026/10/03 22:41:52.525, 11045, 99
2026/10/03 22:41:52.790, 11045, 99
2026/10/03 22:41:53.055, 11045, 100
2026/10/03 22:41:53.320, 11045, 100
2026/10/03 22:41:53.583, 11045, 100
2026/10/03 22:41:53.834, 11045, 100
2026/10/03 22:41:54.098, 11045, 8
2026/10/03 22:41:54.362, 11045, 8
2026/10/03 22:41:54.627, 11045, 64
2026/10/03 22:41:54.891, 11045, 64
2026/10/03 22:41:55.155, 11045, 9
2026/10/03 22:41:55.420, 11045, 9
2026/10/03 22:41:55.684, 9805, 8
2026/10/03 22:41:55.948, 6747, 8
2026/10/03 22:41:56.212, 8981, 100
2026/10/03 22:41:56.466, 8981, 100
2026/10/03 22:41:56.731, 8981, 100
2026/10/03 22:41:56.984, 8981, 100
2026/10/03 22:41:57.248, 8981, 100
2026/10/03 22:41:57.498, 8981, 89
2026/10/03 22:41:57.762, 2539, 89
2026/10/03 22:41:58.024, 2539, 1
2026/10/03 22:41:58.286, 2539, 1
2026/10/03 22:41:58.549, 2539, 2
2026/10/03 22:41:58.811, 2539, 2
2026/10/03 22:41:59.075, 2539, 2
2026/10/03 22:41:59.339, 2539, 2
2026/10/03 22:41:59.603, 2539, 2
2026/10/03 22:41:59.867, 2746, 2
2026/10/03 22:42:00.131, 8186, 1
2026/10/03 22:42:00.394, 11170, 1
2026/10/03 22:42:00.658, 11170, 37
2026/10/03 22:42:00.922, 11170, 37
2026/10/03 22:42:01.187, 11170, 43
2026/10/03 22:42:01.451, 13916, 43
2026/10/03 22:42:01.715, 13942, 46
2026/10/03 22:42:01.979, 13942, 46
2026/10/03 22:42:02.242, 13942, 100
2026/10/03 22:42:02.505, 13942, 98
2026/10/03 22:42:02.768, 13942, 98
2026/10/03 22:42:03.031, 13942, 98
2026/10/03 22:42:03.297, 13942, 98
2026/10/03 22:42:03.559, 13942, 98
2026/10/03 22:42:03.823, 13942, 98
2026/10/03 22:42:04.087, 13942, 98
2026/10/03 22:42:04.350, 13942, 98
2026/10/03 22:42:04.613, 13942, 98
2026/10/03 22:42:04.876, 13942, 98
2026/10/03 22:42:05.138, 13942, 98
2026/10/03 22:42:05.401, 13942, 98
2026/10/03 22:42:05.666, 11020, 98
2026/10/03 22:42:05.929, 2539, 98
2026/10/03 22:42:06.193, 2539, 2
2026/10/03 22:42:06.456, 2539, 2
2026/10/03 22:42:06.720, 2539, 7
2026/10/03 22:42:06.982, 2539, 2
2026/10/03 22:42:07.244, 2539, 2
2026/10/03 22:42:07.508, 3725, 19
2026/10/03 22:42:07.771, 6325, 19
2026/10/03 22:42:08.035, 9271, 54
2026/10/03 22:42:08.297, 10749, 54
2026/10/03 22:42:08.562, 10625, 15
2026/10/03 22:42:08.828, 10625, 15
2026/10/03 22:42:09.091, 10625, 87
2026/10/03 22:42:09.355, 10625, 87
2026/10/03 22:42:09.606, 10625, 92
2026/10/03 22:42:09.871, 10625, 92
2026/10/03 22:42:10.135, 10625, 93
2026/10/03 22:42:10.399, 10625, 93
2026/10/03 22:42:10.650, 10625, 88
2026/10/03 22:42:10.901, 10625, 88
2026/10/03 22:42:11.166, 10625, 90
2026/10/03 22:42:11.430, 10625, 90
2026/10/03 22:42:11.695, 10625, 92
2026/10/03 22:42:11.959, 10625, 92
2026/10/03 22:42:12.224, 10625, 94
2026/10/03 22:42:12.488, 10625, 89
2026/10/03 22:42:12.754, 10625, 89
2026/10/03 22:42:13.019, 10625, 92
2026/10/03 22:42:13.270, 10625, 92
2026/10/03 22:42:13.534, 10625, 93
2026/10/03 22:42:13.799, 10625, 93
2026/10/03 22:42:14.063, 10625, 94
2026/10/03 22:42:14.328, 10625, 94
2026/10/03 22:42:14.592, 10625, 91
2026/10/03 22:42:14.857, 10625, 91
2026/10/03 22:42:15.122, 10625, 94
2026/10/03 22:42:15.388, 10625, 94
2026/10/03 22:42:15.653, 10625, 91
2026/10/03 22:42:15.918, 10625, 91
2026/10/03 22:42:16.183, 10625, 87
2026/10/03 22:42:16.448, 10625, 87
2026/10/03 22:42:16.699, 10625, 93
2026/10/03 22:42:16.964, 10625, 93
2026/10/03 22:42:17.218, 10625, 95
2026/10/03 22:42:17.482, 10625, 85
2026/10/03 22:42:17.747, 10625, 85
2026/10/03 22:42:17.999, 10625, 93
2026/10/03 22:42:18.253, 10625, 93
2026/10/03 22:42:18.517, 10625, 92
2026/10/03 22:42:18.768, 10625, 92
2026/10/03 22:42:19.032, 10625, 84
2026/10/03 22:42:19.297, 10625, 84
2026/10/03 22:42:19.562, 10625, 94
2026/10/03 22:42:19.827, 10625, 94
2026/10/03 22:42:20.092, 10625, 92
2026/10/03 22:42:20.356, 10625, 92
2026/10/03 22:42:20.622, 10625, 90
2026/10/03 22:42:20.887, 10625, 90
2026/10/03 22:42:21.151, 10625, 91
2026/10/03 22:42:21.416, 10625, 91
2026/10/03 22:42:21.681, 10625, 91
2026/10/03 22:42:21.946, 10625, 91
2026/10/03 22:42:22.211, 10625, 90
2026/10/03 22:42:22.475, 10625, 90
2026/10/03 22:42:22.740, 10625, 89
2026/10/03 22:42:23.004, 10625, 93
2026/10/03 22:42:23.269, 10625, 93
2026/10/03 22:42:23.519, 10625, 93
2026/10/03 22:42:23.784, 10625, 93
2026/10/03 22:42:24.047, 10625, 82
2026/10/03 22:42:24.312, 10625, 82
2026/10/03 22:42:24.578, 10625, 94
2026/10/03 22:42:24.842, 10625, 94
2026/10/03 22:42:25.106, 10625, 75
2026/10/03 22:42:25.371, 10625, 75
2026/10/03 22:42:25.636, 10625, 91
2026/10/03 22:42:25.891, 10625, 91
2026/10/03 22:42:26.155, 10625, 94
2026/10/03 22:42:26.421, 10625, 94
2026/10/03 22:42:26.685, 10625, 93
2026/10/03 22:42:26.950, 10625, 93
2026/10/03 22:42:27.215, 10625, 94
2026/10/03 22:42:27.480, 10625, 94
2026/10/03 22:42:27.745, 10625, 94
2026/10/03 22:42:28.010, 10625, 94
2026/10/03 22:42:28.274, 10625, 94
2026/10/03 22:42:28.526, 10625, 95
2026/10/03 22:42:28.791, 10625, 95
2026/10/03 22:42:29.055, 10625, 85
2026/10/03 22:42:29.320, 10625, 85
2026/10/03 22:42:29.584, 10625, 93
2026/10/03 22:42:29.849, 10625, 93
2026/10/03 22:42:30.113, 10625, 95
2026/10/03 22:42:30.378, 10625, 95
2026/10/03 22:42:30.628, 10625, 92
2026/10/03 22:42:30.893, 10625, 92
2026/10/03 22:42:31.157, 10625, 94
2026/10/03 22:42:31.420, 10625, 94
2026/10/03 22:42:31.684, 10625, 85
2026/10/03 22:42:31.949, 10625, 85
2026/10/03 22:42:32.214, 10625, 94
2026/10/03 22:42:32.478, 10625, 94
2026/10/03 22:42:32.743, 10625, 94
2026/10/03 22:42:32.995, 10625, 95
2026/10/03 22:42:33.260, 10625, 95
2026/10/03 22:42:33.513, 10625, 94
2026/10/03 22:42:33.777, 10625, 94
2026/10/03 22:42:34.030, 10625, 94
2026/10/03 22:42:34.281, 10625, 94
2026/10/03 22:42:34.546, 10625, 93
2026/10/03 22:42:34.810, 10625, 93
2026/10/03 22:42:35.074, 10625, 95
2026/10/03 22:42:35.339, 10625, 95
2026/10/03 22:42:35.590, 10625, 93
2026/10/03 22:42:35.855, 10625, 93
2026/10/03 22:42:36.119, 10625, 93
2026/10/03 22:42:36.383, 10625, 93
2026/10/03 22:42:36.648, 10625, 90
2026/10/03 22:42:36.911, 10625, 90
2026/10/03 22:42:37.176, 10625, 82
2026/10/03 22:42:37.427, 10625, 82
2026/10/03 22:42:37.692, 10625, 83
2026/10/03 22:42:37.955, 10625, 83
2026/10/03 22:42:38.220, 10625, 81
2026/10/03 22:42:38.484, 10625, 82
2026/10/03 22:42:38.749, 10625, 82
2026/10/03 22:42:39.013, 10625, 95
2026/10/03 22:42:39.278, 10625, 95
2026/10/03 22:42:39.543, 10625, 92
2026/10/03 22:42:39.807, 10625, 92
2026/10/03 22:42:40.071, 10625, 91
2026/10/03 22:42:40.322, 10625, 91
2026/10/03 22:42:40.586, 10625, 92
2026/10/03 22:42:40.851, 10625, 92
2026/10/03 22:42:41.116, 10625, 94
2026/10/03 22:42:41.367, 10625, 94
2026/10/03 22:42:41.617, 10625, 91
2026/10/03 22:42:41.882, 10625, 91
2026/10/03 22:42:42.146, 10625, 81
2026/10/03 22:42:42.410, 10625, 81
2026/10/03 22:42:42.661, 10625, 94
2026/10/03 22:42:42.925, 10625, 94
2026/10/03 22:42:43.190, 10625, 92
2026/10/03 22:42:43.455, 10625, 92
2026/10/03 22:42:43.720, 10625, 94
2026/10/03 22:42:43.985, 10625, 94
2026/10/03 22:42:44.249, 10625, 94
2026/10/03 22:42:44.514, 10625, 93
2026/10/03 22:42:44.779, 10625, 93
2026/10/03 22:42:45.043, 10625, 93
2026/10/03 22:42:45.294, 10625, 93
2026/10/03 22:42:45.560, 10625, 95
2026/10/03 22:42:45.810, 10625, 95
2026/10/03 22:42:46.075, 10625, 94
2026/10/03 22:42:46.339, 10625, 94
2026/10/03 22:42:46.590, 10625, 92
2026/10/03 22:42:46.843, 10625, 92
2026/10/03 22:42:47.107, 10625, 94
2026/10/03 22:42:47.358, 10625, 94
2026/10/03 22:42:47.622, 10625, 94
2026/10/03 22:42:47.873, 10625, 94
2026/10/03 22:42:48.127, 10625, 93
2026/10/03 22:42:48.391, 10625, 93
2026/10/03 22:42:48.655, 10625, 92
2026/10/03 22:42:48.919, 10625, 92
2026/10/03 22:42:49.182, 10625, 81
2026/10/03 22:42:49.446, 10625, 81
2026/10/03 22:42:49.711, 10625, 93
2026/10/03 22:42:49.975, 10625, 93
2026/10/03 22:42:50.226, 10625, 94
2026/10/03 22:42:50.491, 10625, 81
2026/10/03 22:42:50.755, 10625, 81
2026/10/03 22:42:51.021, 10625, 82
2026/10/03 22:42:51.284, 10625, 82
2026/10/03 22:42:51.534, 10625, 94
2026/10/03 22:42:51.798, 11057, 94
2026/10/03 22:42:52.062, 11057, 100
2026/10/03 22:42:52.326, 11057, 100
2026/10/03 22:42:52.590, 11057, 100
2026/10/03 22:42:52.855, 11057, 100
2026/10/03 22:42:53.107, 11057, 99
2026/10/03 22:42:53.371, 11057, 99
2026/10/03 22:42:53.635, 11057, 100
2026/10/03 22:42:53.900, 11057, 100
2026/10/03 22:42:54.163, 11057, 100
2026/10/03 22:42:54.428, 11057, 100
2026/10/03 22:42:54.692, 11057, 99
2026/10/03 22:42:54.956, 11057, 99
2026/10/03 22:42:55.221, 11057, 100
2026/10/03 22:42:55.485, 11057, 100
2026/10/03 22:42:55.737, 11057, 100
2026/10/03 22:42:56.002, 11057, 100
2026/10/03 22:42:56.267, 11057, 100
2026/10/03 22:42:56.531, 11057, 99
2026/10/03 22:42:56.796, 11057, 99
2026/10/03 22:42:57.061, 11057, 100
2026/10/03 22:42:57.325, 11057, 100
2026/10/03 22:42:57.589, 11057, 100
2026/10/03 22:42:57.839, 11057, 100
2026/10/03 22:42:58.105, 11057, 99
2026/10/03 22:42:58.370, 11057, 99
2026/10/03 22:42:58.635, 11057, 100
2026/10/03 22:42:58.889, 11057, 100
2026/10/03 22:42:59.140, 11057, 100
2026/10/03 22:42:59.403, 11057, 100
2026/10/03 22:42:59.668, 11057, 100
2026/10/03 22:42:59.932, 11057, 100
2026/10/03 22:43:00.197, 11057, 99
2026/10/03 22:43:00.460, 11057, 99
2026/10/03 22:43:00.725, 11057, 100
2026/10/03 22:43:00.988, 11057, 100
2026/10/03 22:43:01.252, 11057, 100
2026/10/03 22:43:01.503, 11057, 99
2026/10/03 22:43:01.767, 11057, 99
2026/10/03 22:43:02.032, 11057, 100
2026/10/03 22:43:02.296, 11057, 100
2026/10/03 22:43:02.547, 11057, 100
2026/10/03 22:43:02.811, 11057, 100
2026/10/03 22:43:03.075, 11057, 99
2026/10/03 22:43:03.340, 11057, 99
2026/10/03 22:43:03.604, 11057, 99
2026/10/03 22:43:03.868, 11057, 99
2026/10/03 22:43:04.134, 11057, 100
2026/10/03 22:43:04.399, 11064, 100
2026/10/03 22:43:04.663, 11064, 100
2026/10/03 22:43:04.927, 11064, 100
2026/10/03 22:43:05.192, 11064, 99
2026/10/03 22:43:05.457, 11064, 99
2026/10/03 22:43:05.722, 11064, 100
2026/10/03 22:43:05.986, 11064, 100
2026/10/03 22:43:06.250, 11062, 100
2026/10/03 22:43:06.515, 11058, 98
2026/10/03 22:43:06.767, 11058, 98
2026/10/03 22:43:07.032, 11058, 100
2026/10/03 22:43:07.296, 11058, 100
2026/10/03 22:43:07.560, 11058, 100
2026/10/03 22:43:07.825, 11058, 100
2026/10/03 22:43:08.090, 11058, 100
2026/10/03 22:43:08.354, 11058, 100
2026/10/03 22:43:08.618, 11058, 99
2026/10/03 22:43:08.881, 11058, 99
2026/10/03 22:43:09.145, 11058, 100
2026/10/03 22:43:09.410, 11058, 100
2026/10/03 22:43:09.675, 11058, 100
2026/10/03 22:43:09.925, 11057, 100
2026/10/03 22:43:10.177, 11057, 99
2026/10/03 22:43:10.441, 11057, 99
2026/10/03 22:43:10.705, 11057, 100
2026/10/03 22:43:10.969, 11057, 100
2026/10/03 22:43:11.234, 11057, 8
2026/10/03 22:43:11.498, 11057, 64
2026/10/03 22:43:11.749, 11057, 64
2026/10/03 22:43:12.013, 11057, 9
2026/10/03 22:43:12.277, 11057, 9
2026/10/03 22:43:12.541, 11057, 7
2026/10/03 22:43:12.806, 11057, 7
2026/10/03 22:43:13.071, 6041, 9
2026/10/03 22:43:13.335, 6761, 9
2026/10/03 22:43:13.601, 8993, 97
2026/10/03 22:43:13.851, 8993, 97
2026/10/03 22:43:14.115, 8993, 100
2026/10/03 22:43:14.371, 8993, 100
2026/10/03 22:43:14.623, 8993, 100
2026/10/03 22:43:14.886, 2585, 100
2026/10/03 22:43:15.148, 2585, 1
2026/10/03 22:43:15.411, 2585, 1
