2026/10/07 03:20:13.252, 3265, 1
2026/10/07 03:20:13.515, 3266, 1
2026/10/07 03:20:13.777, 3266, 1
2026/10/07 03:20:14.040, 3266, 1
2026/10/07 03:20:14.302, 3265, 1
2026/10/07 03:20:14.564, 3264, 1
2026/10/07 03:20:14.827, 3264, 1
2026/10/07 03:20:15.091, 3424, 1
2026/10/07 03:20:15.355, 3264, 1
2026/10/07 03:20:15.619, 3472, 9
2026/10/07 03:20:15.882, 4880, 9
2026/10/07 03:20:16.146, 11896, 1
2026/10/07 03:20:16.410, 11931, 34
2026/10/07 03:20:16.673, 11931, 34
2026/10/07 03:20:16.937, 11931, 32
2026/10/07 03:20:17.201, 11933, 32
2026/10/07 03:20:17.464, 14674, 44
2026/10/07 03:20:17.728, 14691, 44
2026/10/07 03:20:17.993, 14701, 72
2026/10/07 03:20:18.256, 14701, 72
2026/10/07 03:20:18.520, 14697, 100
2026/10/07 03:20:18.783, 14697, 100
2026/10/07 03:20:19.047, 14697, 100
2026/10/07 03:20:19.311, 14697, 100
2026/10/07 03:20:19.576, 14697, 86
2026/10/07 03:20:19.840, 14697, 86
2026/10/07 03:20:20.103, 14697, 97
2026/10/07 03:20:20.367, 14697, 97
2026/10/07 03:20:20.631, 14697, 97
2026/10/07 03:20:20.895, 14697, 97
2026/10/07 03:20:21.158, 14697, 97
2026/10/07 03:20:21.422, 14693, 93
2026/10/07 03:20:21.686, 14693, 93
2026/10/07 03:20:21.950, 14693, 97
2026/10/07 03:20:22.215, 14693, 97
2026/10/07 03:20:22.478, 14693, 97
2026/10/07 03:20:22.743, 14672, 97
2026/10/07 03:20:23.007, 14672, 97
2026/10/07 03:20:23.272, 14672, 97
2026/10/07 03:20:23.536, 14667, 97
2026/10/07 03:20:23.800, 14667, 97
2026/10/07 03:20:24.064, 14667, 97
2026/10/07 03:20:24.329, 14666, 97
2026/10/07 03:20:24.592, 14666, 97
2026/10/07 03:20:24.856, 14666, 97
2026/10/07 03:20:25.119, 14666, 67
2026/10/07 03:20:25.383, 14666, 67
2026/10/07 03:20:25.648, 14666, 97
2026/10/07 03:20:25.912, 14666, 97
2026/10/07 03:20:26.176, 14666, 97
2026/10/07 03:20:26.439, 14666, 97
2026/10/07 03:20:26.702, 14666, 97
2026/10/07 03:20:26.967, 14666, 97
2026/10/07 03:20:27.230, 14666, 97
2026/10/07 03:20:27.494, 14666, 97
2026/10/07 03:20:27.759, 14666, 97
2026/10/07 03:20:28.022, 14666, 97
2026/10/07 03:20:28.286, 14666, 97
2026/10/07 03:20:28.550, 14666, 97
2026/10/07 03:20:28.814, 14666, 97
2026/10/07 03:20:29.078, 14666, 97
2026/10/07 03:20:29.341, 14666, 97
2026/10/07 03:20:29.605, 14666, 98
2026/10/07 03:20:29.868, 14666, 98
2026/10/07 03:20:30.133, 14666, 97
2026/10/07 03:20:30.396, 14666, 97
2026/10/07 03:20:30.660, 14666, 97
2026/10/07 03:20:30.923, 14666, 97
2026/10/07 03:20:31.187, 14666, 97
2026/10/07 03:20:31.450, 14666, 97
2026/10/07 03:20:31.715, 14666, 97
2026/10/07 03:20:31.978, 14666, 97
2026/10/07 03:20:32.241, 14666, 97
2026/10/07 03:20:32.505, 14666, 97
2026/10/07 03:20:32.769, 14659, 97
2026/10/07 03:20:33.033, 14659, 97
2026/10/07 03:20:33.296, 14666, 97
2026/10/07 03:20:33.560, 14666, 97
2026/10/07 03:20:33.824, 14666, 97
2026/10/07 03:20:34.088, 14666, 96
2026/10/07 03:20:34.350, 14666, 96
2026/10/07 03:20:34.614, 14666, 97
2026/10/07 03:20:34.877, 14666, 97
2026/10/07 03:20:35.140, 14666, 97
2026/10/07 03:20:35.404, 14666, 96
2026/10/07 03:20:35.668, 14666, 96
2026/10/07 03:20:35.932, 14666, 97
2026/10/07 03:20:36.196, 14666, 97
2026/10/07 03:20:36.459, 3262, 2
2026/10/07 03:20:36.723, 3262, 2
2026/10/07 03:20:36.986, 4740, 33
2026/10/07 03:20:37.251, 6964, 33
2026/10/07 03:20:37.515, 9994, 55
2026/10/07 03:20:37.779, 9995, 55
2026/10/07 03:20:38.043, 9996, 3
2026/10/07 03:20:38.308, 9996, 3
2026/10/07 03:20:38.572, 10092, 3
2026/10/07 03:20:38.836, 11464, 3
2026/10/07 03:20:39.100, 11469, 54
2026/10/07 03:20:39.365, 11469, 54
2026/10/07 03:20:39.629, 11469, 92
2026/10/07 03:20:39.893, 11469, 92
2026/10/07 03:20:40.156, 11501, 90
2026/10/07 03:20:40.422, 11501, 92
2026/10/07 03:20:40.687, 11501, 92
2026/10/07 03:20:40.951, 11501, 78
2026/10/07 03:20:41.215, 11502, 78
2026/10/07 03:20:41.480, 11495, 90
2026/10/07 03:20:41.730, 11496, 90
2026/10/07 03:20:41.980, 11496, 87
2026/10/07 03:20:42.244, 11496, 87
2026/10/07 03:20:42.508, 11496, 86
2026/10/07 03:20:42.772, 11496, 86
2026/10/07 03:20:43.036, 11496, 92
2026/10/07 03:20:43.287, 11496, 92
2026/10/07 03:20:43.551, 11496, 90
2026/10/07 03:20:43.817, 11496, 90
2026/10/07 03:20:44.082, 11495, 94
2026/10/07 03:20:44.346, 11493, 94
2026/10/07 03:20:44.610, 11493, 87
2026/10/07 03:20:44.874, 11493, 87
2026/10/07 03:20:45.125, 11492, 92
2026/10/07 03:20:45.375, 11492, 92
2026/10/07 03:20:45.640, 11492, 95
2026/10/07 03:20:45.904, 11492, 92
2026/10/07 03:20:46.156, 11492, 92
2026/10/07 03:20:46.420, 11492, 95
2026/10/07 03:20:46.685, 11471, 95
2026/10/07 03:20:46.950, 11471, 94
2026/10/07 03:20:47.200, 11470, 94
2026/10/07 03:20:47.451, 11466, 92
2026/10/07 03:20:47.715, 11466, 92
2026/10/07 03:20:47.966, 11466, 89
2026/10/07 03:20:48.229, 11465, 89
2026/10/07 03:20:48.494, 11465, 93
2026/10/07 03:20:48.757, 11465, 93
2026/10/07 03:20:49.010, 11465, 93
2026/10/07 03:20:49.274, 11465, 93
2026/10/07 03:20:49.539, 11465, 93
2026/10/07 03:20:49.802, 11465, 93
2026/10/07 03:20:50.067, 11465, 93
2026/10/07 03:20:50.331, 11465, 93
2026/10/07 03:20:50.582, 11465, 84
2026/10/07 03:20:50.834, 11465, 84
2026/10/07 03:20:51.084, 11465, 91
2026/10/07 03:20:51.349, 11465, 91
2026/10/07 03:20:51.599, 11465, 87
2026/10/07 03:20:51.864, 11465, 87
2026/10/07 03:20:52.114, 11465, 93
2026/10/07 03:20:52.379, 11465, 93
2026/10/07 03:20:52.631, 11465, 92
2026/10/07 03:20:52.895, 11465, 92
2026/10/07 03:20:53.160, 11465, 91
2026/10/07 03:20:53.425, 11465, 93
2026/10/07 03:20:53.689, 11465, 93
2026/10/07 03:20:53.952, 11465, 93
2026/10/07 03:20:54.206, 11465, 93
2026/10/07 03:20:54.470, 11465, 91
2026/10/07 03:20:54.723, 11465, 91
2026/10/07 03:20:54.986, 11465, 88
2026/10/07 03:20:55.250, 11465, 88
2026/10/07 03:20:55.513, 11465, 93
2026/10/07 03:20:55.777, 11465, 93
2026/10/07 03:20:56.042, 11465, 92
2026/10/07 03:20:56.307, 11458, 92
2026/10/07 03:20:56.571, 11458, 94
2026/10/07 03:20:56.822, 11458, 94
2026/10/07 03:20:57.087, 11458, 93
2026/10/07 03:20:57.351, 11458, 93
2026/10/07 03:20:57.603, 11458, 94
2026/10/07 03:20:57.867, 11458, 94
2026/10/07 03:20:58.132, 11458, 94
2026/10/07 03:20:58.397, 11458, 94
2026/10/07 03:20:58.661, 11458, 95
2026/10/07 03:20:58.924, 11458, 88
2026/10/07 03:20:59.190, 11458, 88
2026/10/07 03:20:59.440, 11458, 95
2026/10/07 03:20:59.705, 11458, 95
2026/10/07 03:20:59.969, 11458, 89
2026/10/07 03:21:00.234, 11465, 89
2026/10/07 03:21:00.497, 11465, 90
2026/10/07 03:21:00.762, 11465, 90
2026/10/07 03:21:01.026, 11465, 95
2026/10/07 03:21:01.290, 11465, 95
2026/10/07 03:21:01.541, 11465, 92
2026/10/07 03:21:01.805, 11465, 92
2026/10/07 03:21:02.057, 11465, 95
2026/10/07 03:21:02.321, 11465, 95
2026/10/07 03:21:02.573, 11465, 91
2026/10/07 03:21:02.837, 11465, 91
2026/10/07 03:21:03.091, 11465, 91
2026/10/07 03:21:03.355, 11465, 91
2026/10/07 03:21:03.606, 11465, 94
2026/10/07 03:21:03.858, 11465, 94
2026/10/07 03:21:04.122, 11465, 93
2026/10/07 03:21:04.387, 11465, 93
2026/10/07 03:21:04.652, 11465, 88
2026/10/07 03:21:04.917, 11465, 94
2026/10/07 03:21:05.181, 11458, 94
2026/10/07 03:21:05.445, 11458, 94
2026/10/07 03:21:05.710, 11458, 94
2026/10/07 03:21:05.974, 11458, 95
2026/10/07 03:21:06.238, 11465, 95
2026/10/07 03:21:06.503, 11465, 94
2026/10/07 03:21:06.754, 11465, 94
2026/10/07 03:21:07.018, 11465, 95
2026/10/07 03:21:07.282, 11465, 95
2026/10/07 03:21:07.548, 11465, 93
2026/10/07 03:21:07.798, 11465, 93
2026/10/07 03:21:08.063, 11465, 89
2026/10/07 03:21:08.327, 11465, 89
2026/10/07 03:21:08.578, 11465, 94
2026/10/07 03:21:08.830, 11465, 94
2026/10/07 03:21:09.093, 11465, 95
2026/10/07 03:21:09.346, 11465, 95
2026/10/07 03:21:09.610, 11465, 94
2026/10/07 03:21:09.874, 11465, 94
2026/10/07 03:21:10.137, 11465, 95
2026/10/07 03:21:10.389, 11465, 95
2026/10/07 03:21:10.654, 11465, 84
2026/10/07 03:21:10.918, 11465, 92
2026/10/07 03:21:11.182, 11465, 92
2026/10/07 03:21:11.446, 11465, 80
2026/10/07 03:21:11.711, 11465, 80
2026/10/07 03:21:11.976, 11465, 94
2026/10/07 03:21:12.229, 11465, 94
2026/10/07 03:21:12.494, 11465, 93
2026/10/07 03:21:12.758, 11465, 93
2026/10/07 03:21:13.023, 11465, 92
2026/10/07 03:21:13.288, 11465, 92
2026/10/07 03:21:13.552, 11465, 87
2026/10/07 03:21:13.817, 11465, 87
2026/10/07 03:21:14.082, 11465, 79
2026/10/07 03:21:14.346, 11465, 79
2026/10/07 03:21:14.611, 11465, 95
2026/10/07 03:21:14.875, 11465, 95
2026/10/07 03:21:15.140, 11465, 83
2026/10/07 03:21:15.390, 11465, 83
2026/10/07 03:21:15.654, 11465, 78
2026/10/07 03:21:15.906, 11465, 94
2026/10/07 03:21:16.157, 11465, 94
2026/10/07 03:21:16.421, 11465, 94
2026/10/07 03:21:16.687, 11465, 94
2026/10/07 03:21:16.950, 11465, 94
2026/10/07 03:21:17.214, 11465, 94
2026/10/07 03:21:17.465, 11465, 93
2026/10/07 03:21:17.728, 11465, 93
2026/10/07 03:21:17.993, 11465, 92
2026/10/07 03:21:18.257, 11465, 92
2026/10/07 03:21:18.522, 11465, 93
2026/10/07 03:21:18.772, 11465, 93
2026/10/07 03:21:19.037, 11465, 83
2026/10/07 03:21:19.288, 11465, 83
2026/10/07 03:21:19.552, 11465, 87
2026/10/07 03:21:19.804, 11465, 87
2026/10/07 03:21:20.069, 11465, 93
2026/10/07 03:21:20.334, 11498, 93
2026/10/07 03:21:20.598, 11498, 89
2026/10/07 03:21:20.862, 11498, 89
2026/10/07 03:21:21.126, 11500, 88
2026/10/07 03:21:21.390, 11499, 88
2026/10/07 03:21:21.654, 11495, 85
2026/10/07 03:21:21.918, 11495, 87
2026/10/07 03:21:22.181, 11495, 87
2026/10/07 03:21:22.447, 11495, 90
2026/10/07 03:21:22.712, 11495, 90
2026/10/07 03:21:22.976, 11495, 85
2026/10/07 03:21:23.241, 11495, 85
2026/10/07 03:21:23.505, 11495, 81
2026/10/07 03:21:23.771, 11495, 81
2026/10/07 03:21:24.034, 11495, 82
2026/10/07 03:21:24.299, 11495, 82
2026/10/07 03:21:24.563, 11495, 79
2026/10/07 03:21:24.826, 11495, 79
2026/10/07 03:21:25.092, 11495, 93
2026/10/07 03:21:25.356, 11471, 93
2026/10/07 03:21:25.621, 11471, 91
2026/10/07 03:21:25.885, 11471, 91
2026/10/07 03:21:26.137, 11499, 95
2026/10/07 03:21:26.402, 11499, 95
2026/10/07 03:21:26.667, 11499, 93
2026/10/07 03:21:26.932, 11499, 93
2026/10/07 03:21:27.196, 11499, 93
2026/10/07 03:21:27.447, 11495, 93
2026/10/07 03:21:27.713, 11495, 93
2026/10/07 03:21:27.978, 11495, 83
2026/10/07 03:21:28.242, 11495, 83
2026/10/07 03:21:28.506, 11495, 93
2026/10/07 03:21:28.757, 11495, 93
2026/10/07 03:21:29.021, 11495, 88
2026/10/07 03:21:29.286, 11495, 88
2026/10/07 03:21:29.551, 11496, 83
2026/10/07 03:21:29.815, 11496, 83
2026/10/07 03:21:30.079, 11496, 93
2026/10/07 03:21:30.343, 11496, 93
2026/10/07 03:21:30.608, 11496, 94
2026/10/07 03:21:30.872, 11496, 94
2026/10/07 03:21:31.136, 11493, 94
2026/10/07 03:21:31.387, 11493, 94
2026/10/07 03:21:31.651, 11493, 93
2026/10/07 03:21:31.915, 11493, 93
2026/10/07 03:21:32.180, 11493, 93
2026/10/07 03:21:32.444, 11493, 93
2026/10/07 03:21:32.695, 11493, 93
2026/10/07 03:21:32.960, 11493, 94
2026/10/07 03:21:33.210, 11493, 94
2026/10/07 03:21:33.475, 11493, 93
2026/10/07 03:21:33.738, 11493, 93
2026/10/07 03:21:34.001, 11493, 86
2026/10/07 03:21:34.265, 11493, 86
2026/10/07 03:21:34.529, 11462, 88
2026/10/07 03:21:34.793, 11462, 88
2026/10/07 03:21:35.057, 11462, 85
2026/10/07 03:21:35.321, 11462, 85
2026/10/07 03:21:35.585, 11462, 85
2026/10/07 03:21:35.850, 11468, 85
2026/10/07 03:21:36.113, 11463, 86
2026/10/07 03:21:36.377, 11497, 86
2026/10/07 03:21:36.641, 11497, 81
2026/10/07 03:21:36.906, 11497, 94
2026/10/07 03:21:37.170, 11497, 94
2026/10/07 03:21:37.436, 11497, 94
2026/10/07 03:21:37.701, 11497, 94
2026/10/07 03:21:37.965, 11493, 84
2026/10/07 03:21:38.230, 11493, 84
2026/10/07 03:21:38.495, 12045, 81
2026/10/07 03:21:38.759, 12045, 81
2026/10/07 03:21:39.024, 12045, 99
2026/10/07 03:21:39.289, 12045, 99
2026/10/07 03:21:39.553, 12045, 100
2026/10/07 03:21:39.818, 12045, 100
2026/10/07 03:21:40.083, 12045, 100
2026/10/07 03:21:40.347, 12045, 100
2026/10/07 03:21:40.612, 12045, 100
2026/10/07 03:21:40.875, 12045, 100
2026/10/07 03:21:41.141, 12044, 99
2026/10/07 03:21:41.392, 12027, 99
2026/10/07 03:21:41.645, 12018, 100
2026/10/07 03:21:41.908, 12018, 100
2026/10/07 03:21:42.173, 12018, 100
2026/10/07 03:21:42.426, 12018, 100
2026/10/07 03:21:42.690, 12018, 100
2026/10/07 03:21:42.955, 12018, 100
2026/10/07 03:21:43.220, 12018, 100
2026/10/07 03:21:43.484, 12018, 99
2026/10/07 03:21:43.736, 12018, 99
2026/10/07 03:21:43.987, 12018, 100
2026/10/07 03:21:44.251, 12018, 100
2026/10/07 03:21:44.515, 12018, 100
2026/10/07 03:21:44.766, 12018, 100
2026/10/07 03:21:45.031, 12018, 100
2026/10/07 03:21:45.281, 12018, 100
2026/10/07 03:21:45.547, 12018, 99
2026/10/07 03:21:45.812, 12018, 99
2026/10/07 03:21:46.076, 12018, 100
2026/10/07 03:21:46.341, 12018, 100
2026/10/07 03:21:46.606, 12018, 100
2026/10/07 03:21:46.870, 12018, 100
2026/10/07 03:21:47.135, 12018, 100
2026/10/07 03:21:47.399, 12011, 100
2026/10/07 03:21:47.664, 12011, 100
2026/10/07 03:21:47.935, 12048, 99
2026/10/07 03:21:48.194, 12050, 99
2026/10/07 03:21:48.457, 12050, 100
2026/10/07 03:21:48.720, 12050, 100
2026/10/07 03:21:48.985, 12050, 100
2026/10/07 03:21:49.249, 12055, 100
2026/10/07 03:21:49.512, 12050, 100
2026/10/07 03:21:49.776, 12050, 100
2026/10/07 03:21:50.040, 12050, 100
2026/10/07 03:21:50.305, 12050, 100
2026/10/07 03:21:50.569, 12050, 99
2026/10/07 03:21:50.835, 12050, 99
2026/10/07 03:21:51.085, 12050, 100
2026/10/07 03:21:51.350, 12039, 100
2026/10/07 03:21:51.601, 12039, 100
2026/10/07 03:21:51.865, 12039, 100
2026/10/07 03:21:52.129, 12039, 100
2026/10/07 03:21:52.395, 12039, 100
2026/10/07 03:21:52.660, 12039, 100
2026/10/07 03:21:52.924, 12039, 99
2026/10/07 03:21:53.177, 12039, 99
2026/10/07 03:21:53.441, 12039, 100
2026/10/07 03:21:53.705, 12039, 100
2026/10/07 03:21:53.970, 12039, 100
2026/10/07 03:21:54.234, 12039, 100
2026/10/07 03:21:54.485, 12039, 100
2026/10/07 03:21:54.748, 12039, 100
2026/10/07 03:21:55.014, 12039, 99
2026/10/07 03:21:55.277, 12039, 99
2026/10/07 03:21:55.542, 12039, 100
2026/10/07 03:21:55.804, 12039, 100
2026/10/07 03:21:56.070, 12039, 100
2026/10/07 03:21:56.322, 12039, 100
2026/10/07 03:21:56.573, 12038, 100
2026/10/07 03:21:56.838, 12018, 100
2026/10/07 03:21:57.102, 12011, 100
2026/10/07 03:21:57.366, 12011, 100
2026/10/07 03:21:57.630, 12011, 99
2026/10/07 03:21:57.894, 12011, 99
2026/10/07 03:21:58.158, 12011, 100
2026/10/07 03:21:58.422, 12011, 100
2026/10/07 03:21:58.672, 12011, 100
2026/10/07 03:21:58.936, 12011, 100
2026/10/07 03:21:59.199, 12011, 100
2026/10/07 03:21:59.464, 12017, 100
2026/10/07 03:21:59.728, 12017, 100
2026/10/07 03:21:59.992, 12017, 99
2026/10/07 03:22:00.257, 12017, 99
2026/10/07 03:22:00.521, 12017, 100
2026/10/07 03:22:00.784, 12017, 100
2026/10/07 03:22:01.050, 12017, 100
2026/10/07 03:22:01.314, 12017, 100
2026/10/07 03:22:01.578, 12017, 100
2026/10/07 03:22:01.830, 12017, 100
2026/10/07 03:22:02.093, 12017, 99
2026/10/07 03:22:02.357, 12017, 99
2026/10/07 03:22:02.621, 12017, 100
2026/10/07 03:22:02.886, 12017, 100
2026/10/07 03:22:03.150, 12017, 100
2026/10/07 03:22:03.401, 12017, 100
2026/10/07 03:22:03.665, 12017, 100
2026/10/07 03:22:03.919, 12017, 100
2026/10/07 03:22:04.183, 12017, 100
2026/10/07 03:22:04.435, 12017, 99
2026/10/07 03:22:04.700, 12011, 99
2026/10/07 03:22:04.951, 12011, 100
2026/10/07 03:22:05.202, 12011, 100
2026/10/07 03:22:05.467, 12011, 7
2026/10/07 03:22:05.732, 12011, 7
2026/10/07 03:22:05.996, 12011, 9
2026/10/07 03:22:06.260, 12011, 9
2026/10/07 03:22:06.524, 12011, 9
2026/10/07 03:22:06.787, 12011, 9
2026/10/07 03:22:07.052, 12011, 9
2026/10/07 03:22:07.316, 12011, 9
2026/10/07 03:22:07.580, 12011, 8
2026/10/07 03:22:07.844, 12011, 8
2026/10/07 03:22:08.109, 12011, 9
2026/10/07 03:22:08.374, 12011, 9
2026/10/07 03:22:08.637, 12011, 9
2026/10/07 03:22:08.901, 12011, 9
2026/10/07 03:22:09.165, 3425, 6
2026/10/07 03:22:09.416, 7461, 99
2026/10/07 03:22:09.667, 9693, 99
2026/10/07 03:22:09.919, 9693, 100
2026/10/07 03:22:10.183, 9693, 100
2026/10/07 03:22:10.448, 9693, 100
2026/10/07 03:22:10.705, 9693, 100
2026/10/07 03:22:10.968, 9693, 100
2026/10/07 03:22:11.218, 9693, 100
2026/10/07 03:22:11.482, 9693, 95
2026/10/07 03:22:11.746, 3311, 95
2026/10/07 03:22:12.009, 3311, 1
2026/10/07 03:22:12.271, 3311, 1
2026/10/07 03:22:12.535, 3311, 1
2026/10/07 03:22:12.797, 3311, 1
2026/10/07 03:22:13.059, 3311, 1
2026/10/07 03:22:13.321, 3311, 1
2026/10/07 03:22:13.585, 3311, 1
2026/10/07 03:22:13.849, 3311, 1
2026/10/07 03:22:14.112, 3311, 1
2026/10/07 03:22:14.375, 3311, 1
2026/10/07 03:22:14.638, 3311, 1
2026/10/07 03:22:14.902, 3311, 1
2026/10/07 03:22:15.164, 3311, 1
2026/10/07 03:22:15.428, 3311, 1
2026/10/07 03:22:15.690, 3311, 1
2026/10/07 03:22:15.953, 3311, 1
2026/10/07 03:22:16.216, 3311, 1
2026/10/07 03:22:16.479, 3311, 1
2026/10/07 03:22:16.741, 3311, 1
2026/10/07 03:22:17.005, 3311, 1
2026/10/07 03:22:17.268, 3311, 1
2026/10/07 03:22:17.532, 3311, 1
2026/10/07 03:22:17.796, 3311, 1
2026/10/07 03:22:18.061, 3311, 1
2026/10/07 03:22:18.325, 3311, 1
2026/10/07 03:22:18.589, 3311, 1
2026/10/07 03:22:18.854, 3311, 1
2026/10/07 03:22:19.117, 3311, 1
2026/10/07 03:22:19.383, 3311, 1
2026/10/07 03:22:19.648, 3319, 1
2026/10/07 03:22:19.912, 4420, 17
2026/10/07 03:22:20.175, 6130, 17
2026/10/07 03:22:20.440, 6130, 1
2026/10/07 03:22:20.702, 7006, 1
2026/10/07 03:22:20.966, 7020, 3
2026/10/07 03:22:21.229, 7022, 3
2026/10/07 03:22:21.494, 7026, 1
2026/10/07 03:22:21.758, 7028, 1
2026/10/07 03:22:22.021, 7028, 7
2026/10/07 03:22:22.285, 7030, 7
2026/10/07 03:22:22.550, 7032, 40
2026/10/07 03:22:22.814, 7032, 40
2026/10/07 03:22:23.076, 7048, 41
2026/10/07 03:22:23.341, 7055, 41
2026/10/07 03:22:23.604, 7067, 40
2026/10/07 03:22:23.869, 7071, 40
2026/10/07 03:22:24.134, 7097, 15
2026/10/07 03:22:24.398, 7099, 15
2026/10/07 03:22:24.662, 7101, 41
2026/10/07 03:22:24.926, 7108, 41
2026/10/07 03:22:25.191, 7108, 41
2026/10/07 03:22:25.441, 7105, 43
2026/10/07 03:22:25.705, 7105, 43
2026/10/07 03:22:25.970, 7104, 26
2026/10/07 03:22:26.234, 7106, 26
2026/10/07 03:22:26.498, 7106, 26
2026/10/07 03:22:26.763, 7106, 26
2026/10/07 03:22:27.027, 7106, 26
2026/10/07 03:22:27.292, 7106, 26
2026/10/07 03:22:27.556, 7106, 44
2026/10/07 03:22:27.820, 7106, 44
2026/10/07 03:22:28.084, 7105, 27
2026/10/07 03:22:28.348, 7104, 27
2026/10/07 03:22:28.613, 7103, 42
2026/10/07 03:22:28.877, 7103, 42
2026/10/07 03:22:29.142, 7072, 44
2026/10/07 03:22:29.405, 7073, 44
2026/10/07 03:22:29.670, 7073, 43
2026/10/07 03:22:29.933, 7071, 42
2026/10/07 03:22:30.197, 7071, 42
2026/10/07 03:22:30.460, 7071, 15
2026/10/07 03:22:30.725, 7071, 15
2026/10/07 03:22:30.990, 7071, 15
2026/10/07 03:22:31.254, 7071, 15
2026/10/07 03:22:31.518, 7071, 14
2026/10/07 03:22:31.782, 7071, 14
2026/10/07 03:22:32.047, 7071, 1
2026/10/07 03:22:32.312, 7063, 1
2026/10/07 03:22:32.575, 3322, 1
2026/10/07 03:22:32.839, 3322, 1
2026/10/07 03:22:33.103, 3324, 1
2026/10/07 03:22:33.367, 3324, 1
2026/10/07 03:22:33.630, 3324, 2
2026/10/07 03:22:33.894, 3324, 2
2026/10/07 03:22:34.158, 3317, 2
2026/10/07 03:22:34.422, 3317, 1
2026/10/07 03:22:34.685, 3317, 1
2026/10/07 03:22:34.949, 3319, 1
2026/10/07 03:22:35.246, 3319, 1
2026/10/07 03:22:35.508, 3319, 1
2026/10/07 03:22:35.773, 3319, 1
2026/10/07 03:22:36.036, 3319, 1
2026/10/07 03:22:36.299, 3319, 1
2026/10/07 03:22:36.563, 3319, 1
2026/10/07 03:22:36.827, 3319, 1
2026/10/07 03:22:37.091, 3319, 1
2026/10/07 03:22:37.353, 3319, 1
2026/10/07 03:22:37.618, 3319, 1
2026/10/07 03:22:37.881, 3317, 1
2026/10/07 03:22:38.145, 3325, 1
2026/10/07 03:22:38.409, 3524, 1
2026/10/07 03:22:38.674, 3524, 6
2026/10/07 03:22:38.937, 3524, 1
2026/10/07 03:22:39.202, 11204, 1
2026/10/07 03:22:39.466, 11948, 36
2026/10/07 03:22:39.730, 11948, 36
2026/10/07 03:22:39.993, 11948, 32
2026/10/07 03:22:40.257, 11948, 32
2026/10/07 03:22:40.520, 14686, 15
2026/10/07 03:22:40.784, 14694, 15
2026/10/07 03:22:41.047, 14720, 43
2026/10/07 03:22:41.310, 14720, 43
2026/10/07 03:22:41.575, 14720, 100
2026/10/07 03:22:41.839, 14720, 100
2026/10/07 03:22:42.102, 14720, 100
2026/10/07 03:22:42.365, 14720, 100
2026/10/07 03:22:42.629, 14720, 77
2026/10/07 03:22:42.893, 14720, 77
2026/10/07 03:22:43.156, 14720, 97
2026/10/07 03:22:43.420, 14720, 98
2026/10/07 03:22:43.685, 3317, 98
2026/10/07 03:22:43.948, 3326, 1
2026/10/07 03:22:44.211, 3321, 1
2026/10/07 03:22:44.474, 3310, 1
2026/10/07 03:22:44.738, 3310, 1
2026/10/07 03:22:45.002, 3310, 1
2026/10/07 03:22:45.266, 3315, 1
2026/10/07 03:22:45.530, 3314, 1
2026/10/07 03:22:45.794, 3314, 1
2026/10/07 03:22:46.057, 3316, 1
2026/10/07 03:22:46.320, 3316, 1
2026/10/07 03:22:46.585, 3316, 1
2026/10/07 03:22:46.849, 3316, 1
2026/10/07 03:22:47.113, 3316, 1
2026/10/07 03:22:47.377, 3316, 1
2026/10/07 03:22:47.641, 3318, 1
2026/10/07 03:22:47.905, 3318, 1
2026/10/07 03:22:48.170, 3318, 1
2026/10/07 03:22:48.434, 3318, 2
2026/10/07 03:22:48.697, 3318, 2
2026/10/07 03:22:48.961, 3318, 1
2026/10/07 03:22:49.225, 3316, 1
2026/10/07 03:22:49.489, 3523, 1
2026/10/07 03:22:49.753, 3523, 1
2026/10/07 03:22:50.016, 3523, 1
2026/10/07 03:22:50.280, 11947, 1
2026/10/07 03:22:50.544, 11947, 40
2026/10/07 03:22:50.808, 11947, 40
2026/10/07 03:22:51.071, 11947, 34
2026/10/07 03:22:51.336, 12395, 34
2026/10/07 03:22:51.600, 14693, 54
2026/10/07 03:22:51.863, 14719, 54
2026/10/07 03:22:52.127, 14719, 100
2026/10/07 03:22:52.390, 14719, 100
2026/10/07 03:22:52.653, 14719, 100
2026/10/07 03:22:52.917, 14719, 100
2026/10/07 03:22:53.182, 14719, 100
2026/10/07 03:22:53.446, 14719, 97
2026/10/07 03:22:53.711, 14738, 97
2026/10/07 03:22:53.975, 14739, 97
2026/10/07 03:22:54.239, 14740, 97
2026/10/07 03:22:54.502, 3337, 72
2026/10/07 03:22:54.765, 3338, 72
2026/10/07 03:22:55.029, 3338, 2
2026/10/07 03:22:55.292, 3337, 2
2026/10/07 03:22:55.556, 3335, 2
2026/10/07 03:22:55.820, 3335, 2
2026/10/07 03:22:56.083, 3335, 1
2026/10/07 03:22:56.348, 3335, 1
2026/10/07 03:22:56.610, 3335, 2
2026/10/07 03:22:56.874, 3342, 2
2026/10/07 03:22:57.136, 3342, 1
2026/10/07 03:22:57.400, 3342, 1
2026/10/07 03:22:57.664, 3342, 2
2026/10/07 03:22:57.928, 3342, 1
2026/10/07 03:22:58.194, 3345, 1
2026/10/07 03:22:58.456, 3345, 2
2026/10/07 03:22:58.720, 3345, 2
2026/10/07 03:22:58.983, 3333, 1
2026/10/07 03:22:59.247, 3331, 1
2026/10/07 03:22:59.511, 3331, 2
2026/10/07 03:22:59.774, 3329, 2
2026/10/07 03:23:00.039, 3329, 1
2026/10/07 03:23:00.303, 3329, 1
2026/10/07 03:23:00.566, 3536, 2
2026/10/07 03:23:00.830, 7504, 2
2026/10/07 03:23:01.093, 11960, 97
2026/10/07 03:23:01.357, 11960, 97
2026/10/07 03:23:01.621, 11960, 41
2026/10/07 03:23:01.886, 11954, 41
2026/10/07 03:23:02.150, 14692, 35
2026/10/07 03:23:02.413, 14726, 35
2026/10/07 03:23:02.677, 14726, 10
2026/10/07 03:23:02.940, 14726, 100
2026/10/07 03:23:03.204, 14726, 100
2026/10/07 03:23:03.468, 14719, 99
2026/10/07 03:23:03.732, 14719, 99
2026/10/07 03:23:03.995, 14719, 94
2026/10/07 03:23:04.259, 14719, 94
2026/10/07 03:23:04.524, 14719, 96
2026/10/07 03:23:04.788, 14719, 96
2026/10/07 03:23:05.052, 14719, 97
2026/10/07 03:23:05.317, 14719, 97
2026/10/07 03:23:05.581, 14719, 97
2026/10/07 03:23:05.844, 14719, 97
2026/10/07 03:23:06.107, 14718, 96
2026/10/07 03:23:06.370, 14725, 96
2026/10/07 03:23:06.634, 14725, 51
2026/10/07 03:23:06.898, 14725, 51
2026/10/07 03:23:07.160, 14725, 97
2026/10/07 03:23:07.425, 14725, 97
2026/10/07 03:23:07.689, 14725, 97
2026/10/07 03:23:07.953, 14724, 97
2026/10/07 03:23:08.217, 14724, 97
2026/10/07 03:23:08.481, 14726, 97
2026/10/07 03:23:08.745, 14726, 97
2026/10/07 03:23:09.009, 14726, 97
2026/10/07 03:23:09.273, 3324, 97
2026/10/07 03:23:09.537, 3324, 1
2026/10/07 03:23:09.801, 4786, 1
2026/10/07 03:23:10.065, 6778, 43
2026/10/07 03:23:10.330, 8579, 43
2026/10/07 03:23:10.593, 11641, 47
2026/10/07 03:23:10.856, 11507, 47
2026/10/07 03:23:11.108, 11509, 95
2026/10/07 03:23:11.372, 11502, 95
2026/10/07 03:23:11.636, 11502, 94
2026/10/07 03:23:11.900, 11502, 94
2026/10/07 03:23:12.164, 11502, 94
2026/10/07 03:23:12.428, 11502, 94
2026/10/07 03:23:12.692, 11502, 94
2026/10/07 03:23:12.956, 11502, 95
2026/10/07 03:23:13.220, 11505, 95
2026/10/07 03:23:13.484, 11510, 94
2026/10/07 03:23:13.734, 11510, 94
2026/10/07 03:23:13.999, 11510, 95
2026/10/07 03:23:14.263, 11510, 95
2026/10/07 03:23:14.526, 11510, 95
2026/10/07 03:23:14.790, 11510, 95
2026/10/07 03:23:15.054, 11510, 95
2026/10/07 03:23:15.319, 11510, 95
2026/10/07 03:23:15.583, 11510, 93
2026/10/07 03:23:15.840, 11510, 93
2026/10/07 03:23:16.091, 11510, 93
2026/10/07 03:23:16.356, 11510, 93
2026/10/07 03:23:16.620, 11510, 93
2026/10/07 03:23:16.884, 11507, 93
2026/10/07 03:23:17.149, 11507, 84
2026/10/07 03:23:17.413, 11507, 84
2026/10/07 03:23:17.678, 11507, 91
2026/10/07 03:23:17.943, 11507, 93
2026/10/07 03:23:18.209, 11507, 93
2026/10/07 03:23:18.473, 11505, 87
2026/10/07 03:23:18.737, 11505, 87
2026/10/07 03:23:19.001, 11505, 94
2026/10/07 03:23:19.266, 11504, 94
2026/10/07 03:23:19.517, 11504, 91
2026/10/07 03:23:19.782, 11504, 91
2026/10/07 03:23:20.033, 11504, 89
2026/10/07 03:23:20.298, 11504, 89
2026/10/07 03:23:20.561, 11504, 82
2026/10/07 03:23:20.824, 11504, 82
2026/10/07 03:23:21.075, 11504, 92
2026/10/07 03:23:21.339, 11504, 92
2026/10/07 03:23:21.604, 11504, 94
2026/10/07 03:23:21.856, 11504, 94
2026/10/07 03:23:22.121, 11504, 93
2026/10/07 03:23:22.386, 11504, 93
2026/10/07 03:23:22.649, 11505, 91
2026/10/07 03:23:22.914, 11511, 91
2026/10/07 03:23:23.177, 11511, 94
2026/10/07 03:23:23.428, 11512, 95
2026/10/07 03:23:23.692, 11512, 95
2026/10/07 03:23:23.956, 11512, 95
2026/10/07 03:23:24.219, 11512, 95
2026/10/07 03:23:24.473, 11512, 91
2026/10/07 03:23:24.737, 11512, 91
2026/10/07 03:23:25.002, 11512, 92
2026/10/07 03:23:25.267, 11512, 92
2026/10/07 03:23:25.531, 11512, 93
2026/10/07 03:23:25.795, 11512, 93
2026/10/07 03:23:26.060, 11512, 90
2026/10/07 03:23:26.324, 11512, 90
2026/10/07 03:23:26.588, 11512, 92
2026/10/07 03:23:26.851, 11512, 92
2026/10/07 03:23:27.115, 11512, 80
2026/10/07 03:23:27.380, 11511, 80
2026/10/07 03:23:27.644, 11511, 90
2026/10/07 03:23:27.908, 11504, 90
2026/10/07 03:23:28.172, 11504, 85
2026/10/07 03:23:28.437, 11504, 80
2026/10/07 03:23:28.702, 11504, 80
2026/10/07 03:23:28.966, 11504, 90
2026/10/07 03:23:29.230, 11504, 90
2026/10/07 03:23:29.494, 11504, 92
2026/10/07 03:23:29.759, 11504, 92
2026/10/07 03:23:30.023, 11504, 86
2026/10/07 03:23:30.287, 11504, 86
2026/10/07 03:23:30.551, 11504, 90
2026/10/07 03:23:30.805, 11504, 90
2026/10/07 03:23:31.069, 11498, 95
2026/10/07 03:23:31.334, 11498, 95
2026/10/07 03:23:31.598, 11498, 94
2026/10/07 03:23:31.864, 11498, 94
2026/10/07 03:23:32.129, 11498, 90
2026/10/07 03:23:32.380, 11491, 90
2026/10/07 03:23:32.644, 11491, 94
2026/10/07 03:23:32.908, 11491, 94
2026/10/07 03:23:33.174, 11491, 95
2026/10/07 03:23:33.438, 11491, 85
2026/10/07 03:23:33.702, 11491, 85
2026/10/07 03:23:33.966, 11491, 91
2026/10/07 03:23:34.231, 11491, 91
2026/10/07 03:23:34.496, 11491, 94
2026/10/07 03:23:34.761, 11498, 94
2026/10/07 03:23:35.012, 11504, 95
2026/10/07 03:23:35.277, 11505, 95
2026/10/07 03:23:35.541, 11505, 84
2026/10/07 03:23:35.805, 11505, 84
2026/10/07 03:23:36.069, 11505, 91
2026/10/07 03:23:36.320, 11505, 91
2026/10/07 03:23:36.585, 11505, 94
2026/10/07 03:23:36.849, 11505, 94
2026/10/07 03:23:37.115, 11505, 91
2026/10/07 03:23:37.378, 11505, 91
2026/10/07 03:23:37.643, 11505, 94
2026/10/07 03:23:37.908, 11505, 94
2026/10/07 03:23:38.173, 11505, 94
2026/10/07 03:23:38.437, 11505, 95
2026/10/07 03:23:38.701, 11505, 95
2026/10/07 03:23:38.951, 11505, 95
2026/10/07 03:23:39.214, 11507, 95
2026/10/07 03:23:39.479, 11507, 93
2026/10/07 03:23:39.743, 11507, 93
2026/10/07 03:23:40.006, 11507, 94
2026/10/07 03:23:40.270, 11501, 94
2026/10/07 03:23:40.534, 11501, 86
2026/10/07 03:23:40.797, 11501, 86
2026/10/07 03:23:41.062, 11501, 88
2026/10/07 03:23:41.312, 11501, 88
2026/10/07 03:23:41.578, 11501, 87
2026/10/07 03:23:41.843, 11501, 87
2026/10/07 03:23:42.107, 11501, 81
2026/10/07 03:23:42.372, 11501, 81
2026/10/07 03:23:42.637, 11501, 96
2026/10/07 03:23:42.901, 11501, 96
2026/10/07 03:23:43.165, 11501, 84
2026/10/07 03:23:43.429, 11501, 94
2026/10/07 03:23:43.693, 11501, 94
2026/10/07 03:23:43.957, 11519, 93
2026/10/07 03:23:44.221, 11522, 93
2026/10/07 03:23:44.485, 11522, 93
2026/10/07 03:23:44.748, 11522, 93
2026/10/07 03:23:44.999, 11522, 95
2026/10/07 03:23:45.263, 11522, 95
2026/10/07 03:23:45.528, 11521, 96
2026/10/07 03:23:45.782, 11521, 96
2026/10/07 03:23:46.045, 11539, 94
2026/10/07 03:23:46.309, 11539, 94
2026/10/07 03:23:46.573, 11539, 91
2026/10/07 03:23:46.837, 11539, 91
2026/10/07 03:23:47.102, 11539, 95
2026/10/07 03:23:47.366, 11539, 95
2026/10/07 03:23:47.629, 11539, 95
2026/10/07 03:23:47.880, 11537, 95
2026/10/07 03:23:48.145, 11537, 91
2026/10/07 03:23:48.408, 11537, 91
2026/10/07 03:23:48.672, 11536, 90
2026/10/07 03:23:48.936, 11535, 89
2026/10/07 03:23:49.201, 11533, 89
2026/10/07 03:23:49.465, 11533, 83
2026/10/07 03:23:49.729, 11533, 83
2026/10/07 03:23:49.994, 11533, 89
2026/10/07 03:23:50.258, 11533, 89
2026/10/07 03:23:50.512, 11533, 94
2026/10/07 03:23:50.776, 11533, 94
2026/10/07 03:23:51.041, 11508, 82
2026/10/07 03:23:51.294, 11502, 82
2026/10/07 03:23:51.558, 11507, 82
2026/10/07 03:23:51.823, 11507, 82
2026/10/07 03:23:52.087, 11507, 84
2026/10/07 03:23:52.351, 11507, 84
2026/10/07 03:23:52.615, 11507, 96
2026/10/07 03:23:52.879, 11507, 96
2026/10/07 03:23:53.143, 11507, 82
2026/10/07 03:23:53.408, 11507, 82
2026/10/07 03:23:53.672, 11506, 94
2026/10/07 03:23:53.936, 11506, 94
2026/10/07 03:23:54.201, 11506, 94
2026/10/07 03:23:54.466, 11506, 92
2026/10/07 03:23:54.731, 11506, 92
2026/10/07 03:23:54.995, 11507, 94
2026/10/07 03:23:55.260, 11507, 94
2026/10/07 03:23:55.523, 11506, 84
2026/10/07 03:23:55.774, 11506, 84
2026/10/07 03:23:56.037, 11506, 85
2026/10/07 03:23:56.301, 11506, 85
2026/10/07 03:23:56.565, 11500, 90
2026/10/07 03:23:56.816, 11506, 90
2026/10/07 03:23:57.080, 11506, 94
2026/10/07 03:23:57.344, 11506, 94
2026/10/07 03:23:57.608, 11506, 84
2026/10/07 03:23:57.873, 11506, 84
2026/10/07 03:23:58.137, 11506, 95
2026/10/07 03:23:58.389, 11506, 95
2026/10/07 03:23:58.652, 11507, 93
2026/10/07 03:23:58.917, 11507, 93
2026/10/07 03:23:59.180, 11507, 94
2026/10/07 03:23:59.444, 11508, 95
2026/10/07 03:23:59.707, 11508, 95
2026/10/07 03:23:59.972, 11508, 87
2026/10/07 03:24:00.235, 11508, 87
2026/10/07 03:24:00.501, 11507, 92
2026/10/07 03:24:00.765, 11507, 92
2026/10/07 03:24:01.030, 11507, 92
2026/10/07 03:24:01.294, 11507, 92
2026/10/07 03:24:01.558, 11507, 92
2026/10/07 03:24:01.823, 11507, 92
2026/10/07 03:24:02.087, 11507, 92
2026/10/07 03:24:02.352, 11507, 92
2026/10/07 03:24:02.617, 11507, 91
2026/10/07 03:24:02.881, 11507, 91
2026/10/07 03:24:03.146, 11507, 77
2026/10/07 03:24:03.410, 11507, 77
2026/10/07 03:24:03.674, 11507, 86
2026/10/07 03:24:03.937, 11506, 88
2026/10/07 03:24:04.201, 11500, 88
2026/10/07 03:24:04.452, 11500, 75
2026/10/07 03:24:04.716, 11500, 75
2026/10/07 03:24:04.982, 11500, 92
2026/10/07 03:24:05.246, 11500, 92
2026/10/07 03:24:05.511, 11500, 94
2026/10/07 03:24:05.775, 11500, 94
2026/10/07 03:24:06.040, 11500, 93
2026/10/07 03:24:06.303, 11500, 93
2026/10/07 03:24:06.554, 11500, 94
2026/10/07 03:24:06.805, 11500, 94
2026/10/07 03:24:07.069, 11500, 95
2026/10/07 03:24:07.335, 11500, 95
2026/10/07 03:24:07.599, 11500, 95
2026/10/07 03:24:07.864, 11500, 95
2026/10/07 03:24:08.128, 11500, 96
2026/10/07 03:24:08.378, 11500, 96
2026/10/07 03:24:08.628, 11500, 95
2026/10/07 03:24:08.892, 11500, 95
2026/10/07 03:24:09.156, 11500, 95
2026/10/07 03:24:09.410, 11500, 95
2026/10/07 03:24:09.675, 11500, 96
2026/10/07 03:24:09.938, 11516, 94
2026/10/07 03:24:10.203, 12071, 94
2026/10/07 03:24:10.467, 12071, 100
2026/10/07 03:24:10.731, 12071, 100
2026/10/07 03:24:10.995, 12071, 99
2026/10/07 03:24:11.259, 12071, 99
2026/10/07 03:24:11.524, 12072, 100
2026/10/07 03:24:11.787, 12076, 100
2026/10/07 03:24:12.052, 12076, 100
2026/10/07 03:24:12.316, 12076, 100
2026/10/07 03:24:12.581, 12076, 100
2026/10/07 03:24:12.845, 12076, 100
2026/10/07 03:24:13.109, 12076, 99
2026/10/07 03:24:13.373, 12076, 99
2026/10/07 03:24:13.639, 12076, 100
2026/10/07 03:24:13.903, 12076, 100
2026/10/07 03:24:14.167, 12076, 100
2026/10/07 03:24:14.420, 12076, 100
2026/10/07 03:24:14.672, 12071, 100
2026/10/07 03:24:14.936, 12071, 100
2026/10/07 03:24:15.200, 12071, 100
2026/10/07 03:24:15.464, 12071, 99
2026/10/07 03:24:15.730, 12071, 99
2026/10/07 03:24:15.994, 12071, 100
2026/10/07 03:24:16.257, 12071, 100
2026/10/07 03:24:16.522, 12059, 100
2026/10/07 03:24:16.786, 12059, 100
2026/10/07 03:24:17.051, 12047, 100
2026/10/07 03:24:17.315, 12047, 100
2026/10/07 03:24:17.580, 12047, 99
2026/10/07 03:24:17.843, 12038, 99
2026/10/07 03:24:18.109, 12038, 100
2026/10/07 03:24:18.359, 12038, 100
2026/10/07 03:24:18.623, 12063, 100
2026/10/07 03:24:18.887, 12063, 100
2026/10/07 03:24:19.151, 12064, 100
2026/10/07 03:24:19.415, 12064, 100
2026/10/07 03:24:19.680, 12064, 100
2026/10/07 03:24:19.944, 12063, 99
2026/10/07 03:24:20.208, 12063, 99
2026/10/07 03:24:20.471, 12063, 100
2026/10/07 03:24:20.736, 12063, 100
2026/10/07 03:24:21.000, 12078, 100
2026/10/07 03:24:21.264, 12078, 100
2026/10/07 03:24:21.518, 12078, 100
2026/10/07 03:24:21.784, 12078, 100
2026/10/07 03:24:22.049, 12078, 99
2026/10/07 03:24:22.314, 12078, 99
2026/10/07 03:24:22.579, 12078, 100
2026/10/07 03:24:22.842, 12078, 100
2026/10/07 03:24:23.093, 12078, 100
2026/10/07 03:24:23.359, 12078, 100
2026/10/07 03:24:23.623, 12075, 100
2026/10/07 03:24:23.888, 12075, 100
2026/10/07 03:24:24.152, 12075, 100
2026/10/07 03:24:24.406, 12074, 100
2026/10/07 03:24:24.670, 12074, 99
2026/10/07 03:24:24.933, 12071, 100
2026/10/07 03:24:25.185, 12071, 100
2026/10/07 03:24:25.449, 12071, 100
2026/10/07 03:24:25.713, 12077, 100
2026/10/07 03:24:25.963, 12077, 100
2026/10/07 03:24:26.228, 12077, 100
2026/10/07 03:24:26.492, 12077, 99
2026/10/07 03:24:26.746, 12077, 99
2026/10/07 03:24:27.009, 12077, 99
2026/10/07 03:24:27.274, 12077, 99
2026/10/07 03:24:27.538, 12066, 100
2026/10/07 03:24:27.803, 12053, 100
2026/10/07 03:24:28.055, 12048, 100
2026/10/07 03:24:28.319, 12048, 100
2026/10/07 03:24:28.583, 12048, 100
2026/10/07 03:24:28.848, 12045, 100
2026/10/07 03:24:29.098, 12045, 99
2026/10/07 03:24:29.349, 12045, 99
2026/10/07 03:24:29.613, 12045, 100
2026/10/07 03:24:29.877, 12045, 100
2026/10/07 03:24:30.140, 12045, 100
2026/10/07 03:24:30.394, 12045, 100
2026/10/07 03:24:30.645, 12045, 100
2026/10/07 03:24:30.898, 12045, 100
2026/10/07 03:24:31.163, 12045, 98
2026/10/07 03:24:31.427, 12045, 100
2026/10/07 03:24:31.691, 12045, 100
2026/10/07 03:24:31.956, 12045, 100
2026/10/07 03:24:32.220, 12045, 100
2026/10/07 03:24:32.484, 12045, 100
2026/10/07 03:24:32.748, 12045, 100
2026/10/07 03:24:33.013, 12045, 100
2026/10/07 03:24:33.277, 12045, 100
2026/10/07 03:24:33.542, 12045, 98
2026/10/07 03:24:33.806, 12045, 98
2026/10/07 03:24:34.071, 12045, 100
2026/10/07 03:24:34.335, 12045, 100
2026/10/07 03:24:34.599, 12045, 100
2026/10/07 03:24:34.863, 12045, 100
2026/10/07 03:24:35.114, 12045, 100
2026/10/07 03:24:35.364, 12045, 100
2026/10/07 03:24:35.628, 12045, 98
2026/10/07 03:24:35.892, 12045, 98
2026/10/07 03:24:36.157, 12045, 100
2026/10/07 03:24:36.421, 12045, 100
2026/10/07 03:24:36.685, 12045, 100
2026/10/07 03:24:36.949, 12045, 7
2026/10/07 03:24:37.213, 12045, 7
2026/10/07 03:24:37.477, 12045, 9
2026/10/07 03:24:37.741, 12045, 9
2026/10/07 03:24:38.006, 12045, 9
2026/10/07 03:24:38.270, 12045, 9
2026/10/07 03:24:38.533, 12045, 8
2026/10/07 03:24:38.799, 12045, 8
2026/10/07 03:24:39.064, 12045, 7
2026/10/07 03:24:39.327, 12045, 7
2026/10/07 03:24:39.590, 7511, 5
2026/10/07 03:24:39.840, 7511, 5
2026/10/07 03:24:40.104, 9743, 97
2026/10/07 03:24:40.369, 9743, 97
2026/10/07 03:24:40.633, 9743, 98
2026/10/07 03:24:40.898, 9743, 98
2026/10/07 03:24:41.162, 9745, 100
2026/10/07 03:24:41.426, 9745, 100
2026/10/07 03:24:41.676, 9745, 100
2026/10/07 03:24:41.940, 3339, 1
2026/10/07 03:24:42.204, 3339, 1
2026/10/07 03:24:42.467, 3339, 1
2026/10/07 03:24:42.731, 3339, 1
2026/10/07 03:24:42.993, 3339, 1
2026/10/07 03:24:43.255, 3339, 1
2026/10/07 03:24:43.518, 3339, 1
2026/10/07 03:24:43.783, 3339, 1
2026/10/07 03:24:44.045, 3339, 1
2026/10/07 03:24:44.309, 3339, 1
2026/10/07 03:24:44.572, 3339, 1
2026/10/07 03:24:44.835, 3348, 1
2026/10/07 03:24:45.099, 3500, 9
2026/10/07 03:24:45.362, 3567, 9
2026/10/07 03:24:45.626, 3567, 9
2026/10/07 03:24:45.889, 11991, 9
2026/10/07 03:24:46.152, 11993, 54
2026/10/07 03:24:46.415, 11993, 54
2026/10/07 03:24:46.679, 11989, 31
2026/10/07 03:24:46.942, 11993, 28
2026/10/07 03:24:47.206, 14105, 28
2026/10/07 03:24:47.471, 14745, 49
2026/10/07 03:24:47.733, 14765, 49
2026/10/07 03:24:47.997, 14780, 100
2026/10/07 03:24:48.261, 14780, 100
2026/10/07 03:24:48.523, 14780, 99
2026/10/07 03:24:48.787, 14780, 99
2026/10/07 03:24:49.050, 14780, 84
2026/10/07 03:24:49.314, 14781, 84
2026/10/07 03:24:49.579, 14781, 97
2026/10/07 03:24:49.842, 14781, 97
2026/10/07 03:24:50.106, 14781, 97
2026/10/07 03:24:50.369, 14781, 97
2026/10/07 03:24:50.633, 14781, 97
2026/10/07 03:24:50.895, 14781, 97
2026/10/07 03:24:51.159, 14781, 98
2026/10/07 03:24:51.423, 14781, 97
2026/10/07 03:24:51.685, 14781, 97
2026/10/07 03:24:51.949, 14780, 98
2026/10/07 03:24:52.212, 14780, 98
2026/10/07 03:24:52.476, 14780, 98
2026/10/07 03:24:52.739, 14776, 98
2026/10/07 03:24:53.002, 14776, 98
2026/10/07 03:24:53.266, 14776, 98
2026/10/07 03:24:53.530, 14775, 98
2026/10/07 03:24:53.794, 14774, 98
2026/10/07 03:24:54.058, 14774, 97
2026/10/07 03:24:54.322, 14763, 97
2026/10/07 03:24:54.587, 14763, 97
2026/10/07 03:24:54.851, 14757, 97
2026/10/07 03:24:55.115, 14752, 97
2026/10/07 03:24:55.378, 14752, 97
2026/10/07 03:24:55.641, 14742, 98
2026/10/07 03:24:55.905, 14742, 98
2026/10/07 03:24:56.168, 14742, 98
2026/10/07 03:24:56.433, 14742, 97
2026/10/07 03:24:56.696, 14742, 97
2026/10/07 03:24:56.960, 14742, 98
2026/10/07 03:24:57.224, 14742, 98
2026/10/07 03:24:57.488, 14742, 97
2026/10/07 03:24:57.752, 14742, 97
2026/10/07 03:24:58.016, 14742, 97
2026/10/07 03:24:58.281, 14742, 97
2026/10/07 03:24:58.544, 14742, 98
2026/10/07 03:24:58.807, 14742, 98
2026/10/07 03:24:59.071, 14742, 98
2026/10/07 03:24:59.335, 14742, 98
2026/10/07 03:24:59.599, 14742, 98
2026/10/07 03:24:59.862, 14742, 98
2026/10/07 03:25:00.127, 14742, 98
2026/10/07 03:25:00.389, 14742, 98
2026/10/07 03:25:00.653, 14742, 98
2026/10/07 03:25:00.917, 14742, 98
2026/10/07 03:25:01.181, 14742, 97
2026/10/07 03:25:01.444, 14742, 98
2026/10/07 03:25:01.708, 14742, 98
2026/10/07 03:25:01.971, 14742, 98
2026/10/07 03:25:02.235, 14742, 98
2026/10/07 03:25:02.499, 14742, 97
2026/10/07 03:25:02.764, 14742, 97
2026/10/07 03:25:03.027, 14742, 97
2026/10/07 03:25:03.291, 14742, 97
2026/10/07 03:25:03.555, 14742, 97
2026/10/07 03:25:03.818, 14742, 97
2026/10/07 03:25:04.083, 14742, 98
2026/10/07 03:25:04.346, 14742, 98
2026/10/07 03:25:04.609, 3339, 97
2026/10/07 03:25:04.871, 3339, 97
2026/10/07 03:25:05.135, 4507, 1
2026/10/07 03:25:05.399, 6631, 1
2026/10/07 03:25:05.662, 8869, 50
2026/10/07 03:25:05.926, 10147, 30
2026/10/07 03:25:06.190, 11404, 30
2026/10/07 03:25:06.454, 11408, 93
2026/10/07 03:25:06.718, 11408, 93
2026/10/07 03:25:06.983, 11408, 95
2026/10/07 03:25:07.247, 11408, 95
2026/10/07 03:25:07.511, 11408, 94
2026/10/07 03:25:07.776, 11408, 94
2026/10/07 03:25:08.040, 11420, 93
2026/10/07 03:25:08.303, 11420, 93
2026/10/07 03:25:08.567, 11420, 75
2026/10/07 03:25:08.831, 11420, 75
2026/10/07 03:25:09.095, 11420, 91
2026/10/07 03:25:09.360, 11421, 91
2026/10/07 03:25:09.625, 11421, 86
2026/10/07 03:25:09.889, 11421, 86
2026/10/07 03:25:10.140, 11421, 92
2026/10/07 03:25:10.403, 11421, 92
2026/10/07 03:25:10.654, 11416, 80
2026/10/07 03:25:10.918, 11416, 80
2026/10/07 03:25:11.182, 11416, 95
2026/10/07 03:25:11.445, 11416, 92
2026/10/07 03:25:11.710, 11416, 92
2026/10/07 03:25:11.973, 11416, 95
2026/10/07 03:25:12.238, 11415, 95
2026/10/07 03:25:12.502, 11411, 94
2026/10/07 03:25:12.766, 11411, 94
2026/10/07 03:25:13.030, 11411, 95
2026/10/07 03:25:13.281, 11411, 95
2026/10/07 03:25:13.545, 11411, 88
2026/10/07 03:25:13.809, 11411, 88
2026/10/07 03:25:14.073, 11411, 95
2026/10/07 03:25:14.338, 11395, 95
2026/10/07 03:25:14.603, 11395, 95
2026/10/07 03:25:14.867, 11395, 95
2026/10/07 03:25:15.132, 11388, 95
2026/10/07 03:25:15.397, 11388, 95
2026/10/07 03:25:15.660, 11379, 93
2026/10/07 03:25:15.925, 11379, 93
2026/10/07 03:25:16.188, 11379, 95
2026/10/07 03:25:16.452, 11379, 92
2026/10/07 03:25:16.703, 11379, 92
2026/10/07 03:25:16.967, 11379, 95
2026/10/07 03:25:17.232, 11379, 95
2026/10/07 03:25:17.495, 11379, 95
2026/10/07 03:25:17.759, 11379, 95
2026/10/07 03:25:18.009, 11379, 95
2026/10/07 03:25:18.273, 11379, 95
2026/10/07 03:25:18.537, 11379, 81
2026/10/07 03:25:18.801, 11379, 81
2026/10/07 03:25:19.066, 11379, 87
2026/10/07 03:25:19.329, 11379, 87
2026/10/07 03:25:19.581, 11379, 94
2026/10/07 03:25:19.832, 11379, 94
2026/10/07 03:25:20.096, 11379, 96
2026/10/07 03:25:20.349, 11379, 96
2026/10/07 03:25:20.613, 11379, 91
2026/10/07 03:25:20.877, 11379, 91
2026/10/07 03:25:21.140, 11385, 93
2026/10/07 03:25:21.404, 11385, 93
2026/10/07 03:25:21.669, 11385, 93
2026/10/07 03:25:21.933, 11385, 83
2026/10/07 03:25:22.196, 11385, 83
2026/10/07 03:25:22.460, 11385, 92
2026/10/07 03:25:22.726, 11385, 92
2026/10/07 03:25:22.990, 11385, 94
2026/10/07 03:25:23.253, 11385, 94
2026/10/07 03:25:23.517, 11385, 96
2026/10/07 03:25:23.781, 11385, 96
2026/10/07 03:25:24.045, 11385, 95
2026/10/07 03:25:24.309, 11385, 95
2026/10/07 03:25:24.573, 11385, 95
2026/10/07 03:25:24.839, 11385, 95
2026/10/07 03:25:25.102, 11385, 95
2026/10/07 03:25:25.366, 11385, 95
2026/10/07 03:25:25.631, 11385, 91
2026/10/07 03:25:25.895, 11385, 91
2026/10/07 03:25:26.159, 11379, 92
2026/10/07 03:25:26.423, 11379, 92
2026/10/07 03:25:26.686, 11379, 95
2026/10/07 03:25:26.951, 11379, 83
2026/10/07 03:25:27.214, 11379, 83
2026/10/07 03:25:27.479, 11379, 95
2026/10/07 03:25:27.743, 11379, 95
2026/10/07 03:25:27.994, 11379, 92
2026/10/07 03:25:28.258, 11379, 92
2026/10/07 03:25:28.509, 11379, 90
2026/10/07 03:25:28.772, 11379, 90
2026/10/07 03:25:29.036, 11379, 93
2026/10/07 03:25:29.288, 11379, 93
2026/10/07 03:25:29.552, 11379, 95
2026/10/07 03:25:29.816, 11379, 95
2026/10/07 03:25:30.079, 11379, 94
2026/10/07 03:25:30.344, 11379, 94
2026/10/07 03:25:30.607, 11379, 94
2026/10/07 03:25:30.870, 11379, 94
2026/10/07 03:25:31.135, 11379, 91
2026/10/07 03:25:31.399, 11379, 91
2026/10/07 03:25:31.664, 11379, 94
2026/10/07 03:25:31.928, 11379, 96
2026/10/07 03:25:32.192, 11379, 96
2026/10/07 03:25:32.442, 11379, 94
2026/10/07 03:25:32.694, 11379, 94
2026/10/07 03:25:32.957, 11379, 96
2026/10/07 03:25:33.209, 11379, 96
2026/10/07 03:25:33.473, 11379, 84
2026/10/07 03:25:33.724, 11379, 84
2026/10/07 03:25:33.988, 11379, 95
2026/10/07 03:25:34.241, 11379, 95
2026/10/07 03:25:34.505, 11379, 94
2026/10/07 03:25:34.769, 11379, 94
2026/10/07 03:25:35.035, 11379, 95
2026/10/07 03:25:35.299, 11379, 95
2026/10/07 03:25:35.563, 11379, 94
2026/10/07 03:25:35.829, 11379, 94
2026/10/07 03:25:36.093, 11379, 94
2026/10/07 03:25:36.343, 11379, 94
2026/10/07 03:25:36.608, 11379, 81
2026/10/07 03:25:36.858, 11379, 81
2026/10/07 03:25:37.109, 11379, 86
2026/10/07 03:25:37.374, 11379, 86
2026/10/07 03:25:37.638, 11379, 89
2026/10/07 03:25:37.904, 11379, 89
2026/10/07 03:25:38.168, 11379, 91
2026/10/07 03:25:38.433, 11379, 87
2026/10/07 03:25:38.696, 11379, 87
2026/10/07 03:25:38.961, 11379, 96
2026/10/07 03:25:39.225, 11379, 96
2026/10/07 03:25:39.491, 11379, 96
2026/10/07 03:25:39.741, 11379, 96
2026/10/07 03:25:39.992, 11379, 95
2026/10/07 03:25:40.256, 11379, 95
2026/10/07 03:25:40.520, 11379, 95
2026/10/07 03:25:40.783, 11379, 95
2026/10/07 03:25:41.047, 11379, 95
2026/10/07 03:25:41.312, 11379, 95
2026/10/07 03:25:41.577, 11379, 96
2026/10/07 03:25:41.841, 11379, 96
2026/10/07 03:25:42.105, 11379, 91
2026/10/07 03:25:42.369, 11379, 91
2026/10/07 03:25:42.634, 11379, 95
2026/10/07 03:25:42.884, 11379, 95
2026/10/07 03:25:43.149, 11379, 94
2026/10/07 03:25:43.415, 11379, 94
2026/10/07 03:25:43.678, 11379, 94
2026/10/07 03:25:43.944, 11379, 92
2026/10/07 03:25:44.208, 11379, 92
2026/10/07 03:25:44.472, 11379, 92
2026/10/07 03:25:44.737, 11379, 92
2026/10/07 03:25:44.987, 11379, 95
2026/10/07 03:25:45.250, 11379, 95
2026/10/07 03:25:45.516, 11379, 94
2026/10/07 03:25:45.780, 11379, 94
2026/10/07 03:25:46.044, 11379, 92
2026/10/07 03:25:46.308, 11379, 92
2026/10/07 03:25:46.573, 11379, 95
2026/10/07 03:25:46.837, 11379, 95
2026/10/07 03:25:47.101, 11379, 96
2026/10/07 03:25:47.365, 11379, 96
2026/10/07 03:25:47.630, 11379, 93
2026/10/07 03:25:47.894, 11791, 93
2026/10/07 03:25:48.159, 11797, 89
2026/10/07 03:25:48.422, 11797, 89
2026/10/07 03:25:48.686, 11797, 99
2026/10/07 03:25:48.937, 11797, 99
2026/10/07 03:25:49.200, 11797, 99
2026/10/07 03:25:49.463, 11797, 100
2026/10/07 03:25:49.727, 11797, 100
2026/10/07 03:25:49.990, 11797, 100
2026/10/07 03:25:50.254, 11797, 100
2026/10/07 03:25:50.519, 11797, 99
2026/10/07 03:25:50.771, 11797, 99
2026/10/07 03:25:51.036, 11797, 99
2026/10/07 03:25:51.300, 11797, 99
2026/10/07 03:25:51.563, 11797, 100
2026/10/07 03:25:51.814, 11797, 100
2026/10/07 03:25:52.079, 11797, 100
2026/10/07 03:25:52.343, 11797, 100
2026/10/07 03:25:52.594, 11797, 100
2026/10/07 03:25:52.845, 11797, 100
2026/10/07 03:25:53.098, 11791, 99
2026/10/07 03:25:53.362, 11791, 99
2026/10/07 03:25:53.613, 11791, 99
2026/10/07 03:25:53.877, 11791, 99
2026/10/07 03:25:54.141, 11791, 100
2026/10/07 03:25:54.404, 11791, 100
2026/10/07 03:25:54.667, 11791, 100
2026/10/07 03:25:54.918, 11791, 100
2026/10/07 03:25:55.182, 11791, 100
2026/10/07 03:25:55.445, 11791, 99
2026/10/07 03:25:55.709, 11791, 99
2026/10/07 03:25:55.973, 11791, 99
2026/10/07 03:25:56.237, 11791, 99
2026/10/07 03:25:56.500, 11791, 100
2026/10/07 03:25:56.764, 11797, 100
2026/10/07 03:25:57.029, 11797, 100
2026/10/07 03:25:57.293, 11797, 100
2026/10/07 03:25:57.557, 11797, 100
2026/10/07 03:25:57.808, 11797, 100
2026/10/07 03:25:58.072, 11797, 99
2026/10/07 03:25:58.336, 11797, 99
2026/10/07 03:25:58.600, 11797, 100
2026/10/07 03:25:58.864, 11797, 100
2026/10/07 03:25:59.127, 11797, 100
2026/10/07 03:25:59.391, 11797, 100
2026/10/07 03:25:59.641, 11797, 100
2026/10/07 03:25:59.905, 11797, 100
2026/10/07 03:26:00.168, 11797, 100
2026/10/07 03:26:00.433, 11797, 99
2026/10/07 03:26:00.697, 11797, 99
2026/10/07 03:26:00.961, 11797, 100
2026/10/07 03:26:01.226, 11797, 100
2026/10/07 03:26:01.478, 11797, 100
2026/10/07 03:26:01.741, 11790, 100
2026/10/07 03:26:02.005, 11790, 100
2026/10/07 03:26:02.269, 11790, 100
2026/10/07 03:26:02.533, 11790, 99
2026/10/07 03:26:02.798, 11790, 99
2026/10/07 03:26:03.062, 11790, 99
2026/10/07 03:26:03.326, 11790, 99
2026/10/07 03:26:03.589, 11790, 100
2026/10/07 03:26:03.853, 11790, 100
2026/10/07 03:26:04.117, 11790, 100
2026/10/07 03:26:04.368, 11790, 100
2026/10/07 03:26:04.632, 11790, 100
2026/10/07 03:26:04.896, 11790, 100
2026/10/07 03:26:05.160, 11790, 99
2026/10/07 03:26:05.425, 11790, 99
2026/10/07 03:26:05.689, 11790, 99
2026/10/07 03:26:05.953, 11790, 100
2026/10/07 03:26:06.217, 11790, 100
2026/10/07 03:26:06.481, 11790, 29
2026/10/07 03:26:06.745, 11790, 29
2026/10/07 03:26:07.008, 11790, 9
2026/10/07 03:26:07.273, 11790, 9
2026/10/07 03:26:07.537, 11790, 8
2026/10/07 03:26:07.801, 11790, 8
2026/10/07 03:26:08.064, 11790, 7
2026/10/07 03:26:08.329, 11670, 7
2026/10/07 03:26:08.579, 7524, 6
2026/10/07 03:26:08.830, 7524, 6
2026/10/07 03:26:09.084, 9758, 100
2026/10/07 03:26:09.349, 9758, 100
2026/10/07 03:26:09.615, 9758, 97
2026/10/07 03:26:09.879, 9758, 97
2026/10/07 03:26:10.132, 9758, 100
2026/10/07 03:26:10.396, 3510, 100
2026/10/07 03:26:10.659, 3510, 1
2026/10/07 03:26:10.921, 3510, 1
2026/10/07 03:26:11.184, 3510, 1
2026/10/07 03:26:11.448, 3510, 1
2026/10/07 03:26:11.712, 3510, 1
2026/10/07 03:26:11.975, 3510, 1
2026/10/07 03:26:12.239, 3510, 1
2026/10/07 03:26:12.503, 3510, 1
2026/10/07 03:26:12.767, 3510, 1
2026/10/07 03:26:13.031, 3510, 1
2026/10/07 03:26:13.296, 3510, 1
2026/10/07 03:26:13.559, 3510, 1
2026/10/07 03:26:13.825, 3510, 1
2026/10/07 03:26:14.088, 3510, 1
2026/10/07 03:26:14.352, 3510, 1
2026/10/07 03:26:14.617, 3518, 1
2026/10/07 03:26:14.882, 4952, 1
2026/10/07 03:26:15.146, 6336, 47
2026/10/07 03:26:15.410, 6336, 47
2026/10/07 03:26:15.676, 6336, 1
2026/10/07 03:26:15.941, 6336, 1
2026/10/07 03:26:16.206, 6336, 1
2026/10/07 03:26:16.470, 7222, 1
2026/10/07 03:26:16.734, 7228, 1
2026/10/07 03:26:16.999, 7232, 44
2026/10/07 03:26:17.251, 7234, 44
2026/10/07 03:26:17.515, 7248, 36
2026/10/07 03:26:17.780, 7250, 36
2026/10/07 03:26:18.044, 7252, 42
2026/10/07 03:26:18.308, 7254, 42
2026/10/07 03:26:18.573, 7256, 42
2026/10/07 03:26:18.836, 7260, 42
2026/10/07 03:26:19.087, 7260, 41
2026/10/07 03:26:19.351, 7262, 41
2026/10/07 03:26:19.615, 7264, 28
2026/10/07 03:26:19.879, 7270, 28
2026/10/07 03:26:20.143, 7270, 42
2026/10/07 03:26:20.408, 7270, 42
2026/10/07 03:26:20.673, 7270, 25
2026/10/07 03:26:20.937, 7270, 41
2026/10/07 03:26:21.201, 7272, 41
2026/10/07 03:26:21.465, 7272, 40
2026/10/07 03:26:21.715, 7272, 40
2026/10/07 03:26:21.979, 7272, 33
2026/10/07 03:26:22.243, 7272, 33
2026/10/07 03:26:22.507, 7272, 29
2026/10/07 03:26:22.771, 7272, 29
2026/10/07 03:26:23.036, 7272, 42
2026/10/07 03:26:23.299, 7272, 42
2026/10/07 03:26:23.563, 7272, 41
2026/10/07 03:26:23.826, 7272, 41
2026/10/07 03:26:24.090, 7272, 39
2026/10/07 03:26:24.353, 7272, 39
2026/10/07 03:26:24.617, 7272, 26
2026/10/07 03:26:24.881, 7272, 26
2026/10/07 03:26:25.146, 7264, 1
2026/10/07 03:26:25.408, 3523, 1
2026/10/07 03:26:25.673, 3523, 2
2026/10/07 03:26:25.945, 3523, 1
2026/10/07 03:26:26.201, 3523, 1
2026/10/07 03:26:26.465, 3523, 1
2026/10/07 03:26:26.729, 3523, 1
2026/10/07 03:26:26.993, 3517, 1
2026/10/07 03:26:27.257, 3517, 1
2026/10/07 03:26:27.521, 3517, 1
2026/10/07 03:26:27.785, 3517, 1
2026/10/07 03:26:28.048, 3517, 1
2026/10/07 03:26:28.312, 3517, 1
2026/10/07 03:26:28.576, 3517, 1
2026/10/07 03:26:28.840, 4562, 1
2026/10/07 03:26:29.104, 6336, 43
2026/10/07 03:26:29.368, 6214, 43
2026/10/07 03:26:29.632, 7228, 1
2026/10/07 03:26:29.896, 7232, 1
2026/10/07 03:26:30.161, 7234, 38
2026/10/07 03:26:30.425, 7236, 38
2026/10/07 03:26:30.689, 7236, 27
2026/10/07 03:26:30.953, 7244, 43
2026/10/07 03:26:31.216, 7248, 43
2026/10/07 03:26:31.481, 7248, 41
2026/10/07 03:26:31.744, 7250, 41
2026/10/07 03:26:32.008, 7254, 24
2026/10/07 03:26:32.272, 7254, 24
2026/10/07 03:26:32.536, 7256, 41
2026/10/07 03:26:32.800, 7258, 41
2026/10/07 03:26:33.064, 7258, 25
2026/10/07 03:26:33.329, 7264, 25
2026/10/07 03:26:33.592, 7264, 20
2026/10/07 03:26:33.856, 7264, 20
2026/10/07 03:26:34.120, 7264, 14
2026/10/07 03:26:34.385, 7264, 14
2026/10/07 03:26:34.650, 7264, 44
2026/10/07 03:26:34.913, 7264, 44
2026/10/07 03:26:35.177, 7266, 15
2026/10/07 03:26:35.441, 7266, 42
2026/10/07 03:26:35.705, 7266, 42
2026/10/07 03:26:35.970, 7266, 14
2026/10/07 03:26:36.234, 7266, 14
2026/10/07 03:26:36.498, 7266, 43
2026/10/07 03:26:36.761, 7266, 43
2026/10/07 03:26:37.026, 7266, 15
2026/10/07 03:26:37.291, 7266, 15
2026/10/07 03:26:37.554, 7266, 44
2026/10/07 03:26:37.819, 7266, 44
2026/10/07 03:26:38.082, 7266, 33
2026/10/07 03:26:38.346, 7266, 33
2026/10/07 03:26:38.609, 7266, 27
2026/10/07 03:26:38.873, 7266, 27
2026/10/07 03:26:39.137, 7266, 13
2026/10/07 03:26:39.402, 7266, 13
2026/10/07 03:26:39.665, 7266, 1
2026/10/07 03:26:39.931, 7261, 1
2026/10/07 03:26:40.194, 3520, 6
2026/10/07 03:26:40.459, 3520, 6
2026/10/07 03:26:40.722, 3528, 6
2026/10/07 03:26:40.985, 3528, 1
2026/10/07 03:26:41.248, 3528, 1
2026/10/07 03:26:41.509, 3528, 1
2026/10/07 03:26:41.771, 3524, 1
2026/10/07 03:26:42.035, 3524, 1
2026/10/07 03:26:42.299, 3524, 1
2026/10/07 03:26:42.564, 3527, 1
2026/10/07 03:26:42.827, 3527, 1
2026/10/07 03:26:43.090, 3527, 1
2026/10/07 03:26:43.354, 3527, 1
2026/10/07 03:26:43.619, 3527, 1
2026/10/07 03:26:43.883, 3524, 1
2026/10/07 03:26:44.147, 3534, 2
2026/10/07 03:26:44.411, 3550, 2
2026/10/07 03:26:44.675, 3742, 12
2026/10/07 03:26:44.938, 12166, 96
2026/10/07 03:26:45.202, 12167, 96
2026/10/07 03:26:45.467, 12167, 32
2026/10/07 03:26:45.731, 12163, 32
2026/10/07 03:26:45.995, 12172, 25
2026/10/07 03:26:46.259, 14732, 25
2026/10/07 03:26:46.523, 14852, 56
2026/10/07 03:26:46.786, 14890, 56
2026/10/07 03:26:47.050, 14893, 100
2026/10/07 03:26:47.314, 14894, 100
2026/10/07 03:26:47.577, 14894, 100
2026/10/07 03:26:47.840, 14895, 100
2026/10/07 03:26:48.104, 14895, 91
2026/10/07 03:26:48.368, 14895, 91
2026/10/07 03:26:48.631, 14895, 98
2026/10/07 03:26:48.895, 14895, 98
2026/10/07 03:26:49.159, 14895, 97
2026/10/07 03:26:49.422, 14895, 97
2026/10/07 03:26:49.686, 14895, 98
2026/10/07 03:26:49.949, 3556, 1
2026/10/07 03:26:50.212, 3563, 1
2026/10/07 03:26:50.476, 3572, 1
2026/10/07 03:26:50.740, 3554, 1
2026/10/07 03:26:51.004, 3552, 1
2026/10/07 03:26:51.268, 3552, 1
2026/10/07 03:26:51.531, 3556, 1
2026/10/07 03:26:51.794, 3556, 1
2026/10/07 03:26:52.059, 3557, 1
2026/10/07 03:26:52.321, 3557, 1
2026/10/07 03:26:52.583, 3553, 1
2026/10/07 03:26:52.848, 3539, 1
2026/10/07 03:26:53.111, 3539, 1
2026/10/07 03:26:53.374, 3531, 1
2026/10/07 03:26:53.640, 3531, 1
2026/10/07 03:26:53.902, 3542, 1
2026/10/07 03:26:54.165, 3542, 2
2026/10/07 03:26:54.430, 3544, 2
2026/10/07 03:26:54.693, 3544, 2
2026/10/07 03:26:54.956, 3544, 12
2026/10/07 03:26:55.220, 3751, 12
2026/10/07 03:26:55.484, 3751, 2
2026/10/07 03:26:55.749, 12176, 2
2026/10/07 03:26:56.012, 12173, 34
2026/10/07 03:26:56.275, 12173, 34
2026/10/07 03:26:56.541, 12173, 35
2026/10/07 03:26:56.806, 12173, 35
2026/10/07 03:26:57.070, 14919, 54
2026/10/07 03:26:57.333, 14945, 54
2026/10/07 03:26:57.597, 14945, 100
2026/10/07 03:26:57.861, 14944, 100
2026/10/07 03:26:58.126, 14944, 100
2026/10/07 03:26:58.390, 14944, 100
2026/10/07 03:26:58.654, 14944, 100
2026/10/07 03:26:58.918, 14944, 100
2026/10/07 03:26:59.182, 14944, 87
2026/10/07 03:26:59.446, 14945, 97
2026/10/07 03:26:59.710, 14940, 97
2026/10/07 03:26:59.974, 3537, 1
2026/10/07 03:27:00.237, 3546, 1
2026/10/07 03:27:00.501, 3744, 1
2026/10/07 03:27:00.764, 3537, 1
2026/10/07 03:27:01.029, 3537, 1
2026/10/07 03:27:01.291, 3537, 1
2026/10/07 03:27:01.554, 3537, 1
2026/10/07 03:27:01.817, 3537, 1
2026/10/07 03:27:02.080, 3536, 1
2026/10/07 03:27:02.342, 3536, 1
2026/10/07 03:27:02.605, 3536, 1
2026/10/07 03:27:02.869, 3536, 1
2026/10/07 03:27:03.132, 3536, 1
2026/10/07 03:27:03.396, 3538, 1
2026/10/07 03:27:03.659, 3554, 1
2026/10/07 03:27:03.923, 3554, 1
2026/10/07 03:27:04.186, 3554, 2
2026/10/07 03:27:04.449, 3554, 1
2026/10/07 03:27:04.713, 3552, 1
2026/10/07 03:27:04.978, 3552, 2
2026/10/07 03:27:05.242, 3552, 2
2026/10/07 03:27:05.506, 3759, 9
2026/10/07 03:27:05.769, 3759, 9
2026/10/07 03:27:06.034, 12183, 97
2026/10/07 03:27:06.298, 12183, 97
2026/10/07 03:27:06.561, 12183, 40
2026/10/07 03:27:06.825, 12183, 40
2026/10/07 03:27:07.089, 14921, 35
2026/10/07 03:27:07.354, 14947, 35
2026/10/07 03:27:07.617, 14955, 58
2026/10/07 03:27:07.880, 14955, 58
2026/10/07 03:27:08.143, 14955, 100
2026/10/07 03:27:08.406, 14955, 100
2026/10/07 03:27:08.670, 14944, 100
2026/10/07 03:27:08.934, 14944, 100
2026/10/07 03:27:09.198, 14944, 97
2026/10/07 03:27:09.461, 14944, 97
2026/10/07 03:27:09.726, 14944, 97
2026/10/07 03:27:09.989, 14944, 97
2026/10/07 03:27:10.253, 14944, 97
2026/10/07 03:27:10.517, 14939, 98
2026/10/07 03:27:10.781, 14939, 98
2026/10/07 03:27:11.045, 14939, 98
2026/10/07 03:27:11.309, 14939, 98
2026/10/07 03:27:11.572, 14939, 96
2026/10/07 03:27:11.836, 14939, 96
2026/10/07 03:27:12.099, 14939, 98
2026/10/07 03:27:12.362, 14939, 98
2026/10/07 03:27:12.626, 14935, 98
2026/10/07 03:27:12.889, 14935, 98
2026/10/07 03:27:13.152, 14934, 96
2026/10/07 03:27:13.416, 14934, 96
2026/10/07 03:27:13.679, 14934, 97
2026/10/07 03:27:13.943, 14934, 97
2026/10/07 03:27:14.206, 3531, 97
2026/10/07 03:27:14.470, 4262, 1
2026/10/07 03:27:14.734, 5928, 1
2026/10/07 03:27:14.999, 8368, 57
2026/10/07 03:27:15.262, 11504, 57
2026/10/07 03:27:15.526, 11400, 21
2026/10/07 03:27:15.790, 11410, 21
2026/10/07 03:27:16.054, 11411, 93
2026/10/07 03:27:16.319, 11411, 93
2026/10/07 03:27:16.583, 11411, 95
2026/10/07 03:27:16.848, 11411, 95
2026/10/07 03:27:17.112, 11411, 81
2026/10/07 03:27:17.377, 11411, 81
2026/10/07 03:27:17.629, 11411, 93
2026/10/07 03:27:17.893, 11411, 93
2026/10/07 03:27:18.144, 11451, 93
2026/10/07 03:27:18.408, 11451, 93
2026/10/07 03:27:18.673, 11451, 90
2026/10/07 03:27:18.937, 11452, 96
2026/10/07 03:27:19.201, 11452, 96
2026/10/07 03:27:19.465, 11452, 86
2026/10/07 03:27:19.729, 11452, 86
2026/10/07 03:27:19.992, 11452, 83
2026/10/07 03:27:20.257, 11452, 83
2026/10/07 03:27:20.507, 11452, 95
2026/10/07 03:27:20.771, 11452, 95
2026/10/07 03:27:21.035, 11452, 93
2026/10/07 03:27:21.300, 11452, 93
2026/10/07 03:27:21.552, 11452, 95
2026/10/07 03:27:21.816, 11452, 95
2026/10/07 03:27:22.080, 11452, 95
2026/10/07 03:27:22.344, 11452, 95
2026/10/07 03:27:22.609, 11448, 96
2026/10/07 03:27:22.874, 11448, 96
2026/10/07 03:27:23.125, 11426, 91
2026/10/07 03:27:23.378, 11426, 91
2026/10/07 03:27:23.641, 11426, 94
2026/10/07 03:27:23.891, 11426, 94
2026/10/07 03:27:24.155, 11426, 96
2026/10/07 03:27:24.407, 11415, 96
2026/10/07 03:27:24.671, 11415, 90
2026/10/07 03:27:24.935, 11409, 90
2026/10/07 03:27:25.185, 11404, 92
2026/10/07 03:27:25.449, 11404, 96
2026/10/07 03:27:25.713, 11404, 96
2026/10/07 03:27:25.964, 11403, 93
2026/10/07 03:27:26.229, 11403, 93
2026/10/07 03:27:26.494, 11403, 93
2026/10/07 03:27:26.759, 11403, 93
2026/10/07 03:27:27.023, 11403, 96
2026/10/07 03:27:27.273, 11410, 96
2026/10/07 03:27:27.537, 11410, 93
2026/10/07 03:27:27.803, 11410, 93
2026/10/07 03:27:28.067, 11410, 95
2026/10/07 03:27:28.319, 11410, 95
2026/10/07 03:27:28.584, 11410, 91
2026/10/07 03:27:28.850, 11410, 91
2026/10/07 03:27:29.113, 11410, 95
2026/10/07 03:27:29.377, 11410, 95
2026/10/07 03:27:29.643, 11410, 95
2026/10/07 03:27:29.908, 11410, 95
2026/10/07 03:27:30.171, 11410, 95
2026/10/07 03:27:30.424, 11410, 95
2026/10/07 03:27:30.689, 11410, 91
2026/10/07 03:27:30.954, 11410, 95
2026/10/07 03:27:31.204, 11410, 95
2026/10/07 03:27:31.469, 11410, 95
2026/10/07 03:27:31.719, 11410, 95
2026/10/07 03:27:31.984, 11410, 89
2026/10/07 03:27:32.236, 11403, 89
2026/10/07 03:27:32.502, 11403, 96
2026/10/07 03:27:32.767, 11403, 96
2026/10/07 03:27:33.032, 11403, 95
2026/10/07 03:27:33.297, 11403, 95
2026/10/07 03:27:33.562, 11403, 95
2026/10/07 03:27:33.825, 11403, 95
2026/10/07 03:27:34.089, 11403, 96
2026/10/07 03:27:34.354, 11403, 96
2026/10/07 03:27:34.604, 11403, 96
2026/10/07 03:27:34.868, 11403, 96
2026/10/07 03:27:35.132, 11403, 96
2026/10/07 03:27:35.395, 11403, 96
2026/10/07 03:27:35.659, 11403, 91
2026/10/07 03:27:35.922, 11403, 91
2026/10/07 03:27:36.173, 11410, 93
2026/10/07 03:27:36.437, 11410, 93
2026/10/07 03:27:36.702, 11410, 92
2026/10/07 03:27:36.966, 11410, 94
2026/10/07 03:27:37.219, 11410, 94
2026/10/07 03:27:37.483, 11410, 95
2026/10/07 03:27:37.748, 11410, 95
2026/10/07 03:27:38.013, 11410, 90
2026/10/07 03:27:38.277, 11410, 90
2026/10/07 03:27:38.541, 11410, 91
2026/10/07 03:27:38.806, 11410, 91
2026/10/07 03:27:39.056, 11410, 90
2026/10/07 03:27:39.319, 11410, 90
2026/10/07 03:27:39.571, 11410, 91
2026/10/07 03:27:39.835, 11410, 91
2026/10/07 03:27:40.100, 11410, 90
2026/10/07 03:27:40.365, 11410, 90
2026/10/07 03:27:40.630, 11410, 83
2026/10/07 03:27:40.894, 11410, 83
2026/10/07 03:27:41.158, 11406, 92
2026/10/07 03:27:41.411, 11403, 92
2026/10/07 03:27:41.674, 11403, 94
2026/10/07 03:27:41.938, 11403, 94
2026/10/07 03:27:42.202, 11403, 87
2026/10/07 03:27:42.468, 11403, 93
2026/10/07 03:27:42.731, 11403, 93
2026/10/07 03:27:42.982, 11403, 94
2026/10/07 03:27:43.246, 11403, 94
2026/10/07 03:27:43.511, 11403, 95
2026/10/07 03:27:43.776, 11403, 95
2026/10/07 03:27:44.041, 11403, 89
2026/10/07 03:27:44.304, 11403, 89
2026/10/07 03:27:44.569, 11403, 95
2026/10/07 03:27:44.820, 11403, 95
2026/10/07 03:27:45.083, 11403, 91
2026/10/07 03:27:45.349, 11403, 91
2026/10/07 03:27:45.612, 11403, 81
2026/10/07 03:27:45.876, 11403, 81
2026/10/07 03:27:46.141, 11403, 95
2026/10/07 03:27:46.406, 11403, 95
2026/10/07 03:27:46.671, 11403, 90
2026/10/07 03:27:46.935, 11403, 90
2026/10/07 03:27:47.199, 11403, 88
2026/10/07 03:27:47.465, 11403, 95
2026/10/07 03:27:47.729, 11403, 95
2026/10/07 03:27:47.993, 11403, 94
2026/10/07 03:27:48.258, 11403, 94
2026/10/07 03:27:48.523, 11403, 94
2026/10/07 03:27:48.774, 11403, 94
2026/10/07 03:27:49.038, 11403, 94
2026/10/07 03:27:49.302, 11403, 94
2026/10/07 03:27:49.566, 11403, 88
2026/10/07 03:27:49.829, 11403, 88
2026/10/07 03:27:50.094, 11403, 89
2026/10/07 03:27:50.357, 11403, 89
2026/10/07 03:27:50.622, 11403, 77
2026/10/07 03:27:50.887, 11403, 77
2026/10/07 03:27:51.151, 11403, 82
2026/10/07 03:27:51.415, 11403, 82
2026/10/07 03:27:51.679, 11403, 80
2026/10/07 03:27:51.942, 11403, 93
2026/10/07 03:27:52.205, 11403, 93
2026/10/07 03:27:52.469, 11403, 95
2026/10/07 03:27:52.732, 11403, 95
2026/10/07 03:27:52.997, 11403, 82
2026/10/07 03:27:53.262, 11403, 82
2026/10/07 03:27:53.525, 11403, 96
2026/10/07 03:27:53.789, 11403, 96
2026/10/07 03:27:54.041, 11403, 95
2026/10/07 03:27:54.292, 11403, 95
2026/10/07 03:27:54.556, 11403, 96
2026/10/07 03:27:54.820, 11403, 96
2026/10/07 03:27:55.073, 11403, 95
2026/10/07 03:27:55.337, 11403, 95
2026/10/07 03:27:55.600, 11403, 96
2026/10/07 03:27:55.865, 11403, 96
2026/10/07 03:27:56.115, 11403, 95
2026/10/07 03:27:56.379, 11403, 95
2026/10/07 03:27:56.644, 11403, 94
2026/10/07 03:27:56.910, 11403, 94
2026/10/07 03:27:57.176, 11403, 95
2026/10/07 03:27:57.440, 11403, 96
2026/10/07 03:27:57.704, 11815, 96
2026/10/07 03:27:57.969, 11815, 100
2026/10/07 03:27:58.232, 11815, 100
2026/10/07 03:27:58.495, 11815, 100
2026/10/07 03:27:58.761, 11815, 100
2026/10/07 03:27:59.027, 11815, 99
2026/10/07 03:27:59.290, 11815, 99
2026/10/07 03:27:59.556, 11815, 100
2026/10/07 03:27:59.820, 11822, 100
2026/10/07 03:28:00.083, 11822, 100
2026/10/07 03:28:00.347, 11822, 100
2026/10/07 03:28:00.613, 11822, 100
2026/10/07 03:28:00.878, 11822, 100
2026/10/07 03:28:01.143, 11822, 99
2026/10/07 03:28:01.393, 11822, 99
2026/10/07 03:28:01.658, 11822, 99
2026/10/07 03:28:01.922, 11822, 99
2026/10/07 03:28:02.185, 11822, 100
2026/10/07 03:28:02.436, 11822, 100
2026/10/07 03:28:02.687, 11822, 100
2026/10/07 03:28:02.950, 11822, 100
2026/10/07 03:28:03.216, 11822, 100
2026/10/07 03:28:03.480, 11822, 99
2026/10/07 03:28:03.745, 11822, 99
2026/10/07 03:28:03.996, 11822, 99
2026/10/07 03:28:04.260, 11822, 99
2026/10/07 03:28:04.524, 11822, 100
2026/10/07 03:28:04.789, 11815, 100
2026/10/07 03:28:05.054, 11815, 100
2026/10/07 03:28:05.318, 11815, 100
2026/10/07 03:28:05.569, 11815, 100
2026/10/07 03:28:05.833, 11815, 100
2026/10/07 03:28:06.097, 11815, 99
2026/10/07 03:28:06.361, 11815, 99
2026/10/07 03:28:06.626, 11815, 99
2026/10/07 03:28:06.889, 11815, 99
2026/10/07 03:28:07.153, 11815, 100
2026/10/07 03:28:07.404, 11815, 100
2026/10/07 03:28:07.668, 11815, 100
2026/10/07 03:28:07.933, 11815, 100
2026/10/07 03:28:08.197, 11815, 100
2026/10/07 03:28:08.447, 11815, 99
2026/10/07 03:28:08.699, 11815, 99
2026/10/07 03:28:08.963, 11815, 99
2026/10/07 03:28:09.227, 11815, 99
2026/10/07 03:28:09.490, 11815, 100
2026/10/07 03:28:09.754, 11815, 100
2026/10/07 03:28:10.019, 11815, 100
2026/10/07 03:28:10.283, 11815, 100
2026/10/07 03:28:10.547, 11815, 100
2026/10/07 03:28:10.811, 11815, 100
2026/10/07 03:28:11.062, 11815, 99
2026/10/07 03:28:11.325, 11815, 99
2026/10/07 03:28:11.577, 11815, 100
2026/10/07 03:28:11.842, 11815, 100
2026/10/07 03:28:12.107, 11815, 100
2026/10/07 03:28:12.371, 11815, 100
2026/10/07 03:28:12.636, 11815, 100
2026/10/07 03:28:12.901, 11815, 100
2026/10/07 03:28:13.166, 11815, 99
2026/10/07 03:28:13.431, 11815, 99
2026/10/07 03:28:13.681, 11815, 99
2026/10/07 03:28:13.946, 11815, 100
2026/10/07 03:28:14.209, 11815, 100
2026/10/07 03:28:14.473, 11815, 100
2026/10/07 03:28:14.723, 11815, 100
2026/10/07 03:28:14.974, 11815, 100
2026/10/07 03:28:15.239, 11815, 100
2026/10/07 03:28:15.502, 11815, 99
2026/10/07 03:28:15.766, 11815, 99
2026/10/07 03:28:16.030, 11815, 7
2026/10/07 03:28:16.293, 11815, 7
2026/10/07 03:28:16.558, 11815, 9
2026/10/07 03:28:16.821, 11815, 9
2026/10/07 03:28:17.086, 11815, 9
2026/10/07 03:28:17.349, 11815, 9
2026/10/07 03:28:17.614, 11815, 9
2026/10/07 03:28:17.877, 11815, 9
2026/10/07 03:28:18.141, 3843, 7
2026/10/07 03:28:18.405, 7503, 7
2026/10/07 03:28:18.669, 9735, 100
2026/10/07 03:28:18.920, 9735, 100
2026/10/07 03:28:19.185, 9735, 100
2026/10/07 03:28:19.449, 9735, 96
2026/10/07 03:28:19.715, 9735, 96
2026/10/07 03:28:19.980, 3477, 12
2026/10/07 03:28:20.243, 3477, 12
2026/10/07 03:28:20.505, 3477, 1
2026/10/07 03:28:20.770, 3477, 1
2026/10/07 03:28:21.034, 3477, 1
2026/10/07 03:28:21.299, 3477, 1
2026/10/07 03:28:21.562, 3477, 1
2026/10/07 03:28:21.826, 3477, 1
2026/10/07 03:28:22.090, 3684, 10
2026/10/07 03:28:22.354, 10980, 10
2026/10/07 03:28:22.618, 12124, 84
2026/10/07 03:28:22.882, 12124, 84
2026/10/07 03:28:23.146, 12126, 37
2026/10/07 03:28:23.409, 12126, 37
2026/10/07 03:28:23.672, 14860, 32
2026/10/07 03:28:23.936, 14898, 32
2026/10/07 03:28:24.199, 14898, 39
2026/10/07 03:28:24.463, 14898, 100
2026/10/07 03:28:24.728, 14914, 100
2026/10/07 03:28:24.991, 14918, 100
2026/10/07 03:28:25.254, 14919, 100
2026/10/07 03:28:25.518, 14919, 97
2026/10/07 03:28:25.782, 14919, 97
2026/10/07 03:28:26.047, 14919, 96
2026/10/07 03:28:26.311, 14920, 96
2026/10/07 03:28:26.574, 14920, 97
2026/10/07 03:28:26.838, 14920, 97
2026/10/07 03:28:27.100, 14920, 97
2026/10/07 03:28:27.364, 14920, 97
2026/10/07 03:28:27.627, 14920, 96
2026/10/07 03:28:27.892, 14920, 96
2026/10/07 03:28:28.156, 14920, 98
2026/10/07 03:28:28.420, 14920, 98
2026/10/07 03:28:28.684, 14915, 98
2026/10/07 03:28:28.948, 14914, 98
2026/10/07 03:28:29.211, 14914, 98
2026/10/07 03:28:29.475, 14914, 98
2026/10/07 03:28:29.739, 14913, 98
2026/10/07 03:28:30.004, 14921, 97
2026/10/07 03:28:30.267, 14921, 97
2026/10/07 03:28:30.531, 14921, 95
2026/10/07 03:28:30.795, 14921, 95
2026/10/07 03:28:31.058, 14919, 97
2026/10/07 03:28:31.323, 14909, 97
2026/10/07 03:28:31.586, 14899, 97
2026/10/07 03:28:31.850, 14891, 97
2026/10/07 03:28:32.113, 14891, 97
2026/10/07 03:28:32.377, 14891, 97
2026/10/07 03:28:32.640, 14888, 97
2026/10/07 03:28:32.904, 14888, 97
2026/10/07 03:28:33.167, 14888, 97
2026/10/07 03:28:33.431, 14888, 97
2026/10/07 03:28:33.695, 14888, 96
2026/10/07 03:28:33.959, 14888, 97
2026/10/07 03:28:34.223, 14888, 97
2026/10/07 03:28:34.486, 14888, 98
2026/10/07 03:28:34.750, 14888, 98
2026/10/07 03:28:35.013, 14877, 98
2026/10/07 03:28:35.277, 14877, 98
2026/10/07 03:28:35.540, 14877, 97
2026/10/07 03:28:35.803, 14877, 97
2026/10/07 03:28:36.067, 14877, 98
2026/10/07 03:28:36.331, 14877, 98
2026/10/07 03:28:36.595, 14877, 98
2026/10/07 03:28:36.859, 14877, 98
2026/10/07 03:28:37.123, 14877, 98
2026/10/07 03:28:37.387, 14877, 98
2026/10/07 03:28:37.650, 14877, 98
2026/10/07 03:28:37.914, 14877, 98
2026/10/07 03:28:38.178, 14877, 98
2026/10/07 03:28:38.441, 14877, 98
2026/10/07 03:28:38.705, 14877, 96
2026/10/07 03:28:38.968, 14877, 94
2026/10/07 03:28:39.231, 14877, 94
2026/10/07 03:28:39.494, 14877, 97
2026/10/07 03:28:39.758, 14877, 97
2026/10/07 03:28:40.023, 14877, 96
2026/10/07 03:28:40.287, 14877, 96
2026/10/07 03:28:40.550, 14877, 97
2026/10/07 03:28:40.813, 14877, 97
2026/10/07 03:28:41.076, 14877, 97
2026/10/07 03:28:41.341, 14877, 97
2026/10/07 03:28:41.604, 14877, 96
2026/10/07 03:28:41.868, 14877, 96
2026/10/07 03:28:42.131, 14877, 97
2026/10/07 03:28:42.393, 14877, 97
2026/10/07 03:28:42.656, 14877, 98
2026/10/07 03:28:42.920, 14877, 98
2026/10/07 03:28:43.183, 14877, 98
2026/10/07 03:28:43.447, 14877, 98
2026/10/07 03:28:43.710, 14877, 98
2026/10/07 03:28:43.975, 14877, 97
2026/10/07 03:28:44.238, 14877, 97
2026/10/07 03:28:44.502, 14877, 98
2026/10/07 03:28:44.766, 14883, 98
2026/10/07 03:28:45.030, 14883, 98
2026/10/07 03:28:45.293, 14883, 98
2026/10/07 03:28:45.556, 14883, 97
2026/10/07 03:28:45.819, 14883, 97
2026/10/07 03:28:46.082, 11961, 98
2026/10/07 03:28:46.345, 3480, 98
2026/10/07 03:28:46.608, 3480, 1
2026/10/07 03:28:46.872, 3480, 1
2026/10/07 03:28:47.135, 3480, 1
2026/10/07 03:28:47.398, 3480, 1
2026/10/07 03:28:47.662, 3697, 1
2026/10/07 03:28:47.925, 7473, 1
2026/10/07 03:28:48.189, 12122, 26
2026/10/07 03:28:48.453, 12122, 37
2026/10/07 03:28:48.717, 12122, 37
2026/10/07 03:28:48.981, 12122, 32
2026/10/07 03:28:49.245, 14682, 32
2026/10/07 03:28:49.509, 14868, 50
2026/10/07 03:28:49.772, 14894, 50
2026/10/07 03:28:50.035, 14894, 100
2026/10/07 03:28:50.299, 14914, 100
2026/10/07 03:28:50.562, 14918, 99
2026/10/07 03:28:50.825, 14918, 99
2026/10/07 03:28:51.089, 14918, 89
2026/10/07 03:28:51.354, 14918, 89
2026/10/07 03:28:51.618, 14918, 79
2026/10/07 03:28:51.882, 14916, 79
2026/10/07 03:28:52.145, 11994, 97
2026/10/07 03:28:52.409, 3512, 97
2026/10/07 03:28:52.672, 3512, 1
2026/10/07 03:28:52.936, 3512, 1
2026/10/07 03:28:53.200, 3512, 6
2026/10/07 03:28:53.465, 3512, 1
2026/10/07 03:28:53.728, 3516, 1
2026/10/07 03:28:53.993, 3516, 1
2026/10/07 03:28:54.257, 3516, 1
2026/10/07 03:28:54.521, 3516, 1
2026/10/07 03:28:54.785, 3516, 1
2026/10/07 03:28:55.050, 3516, 1
2026/10/07 03:28:55.313, 3516, 1
2026/10/07 03:28:55.578, 3515, 1
2026/10/07 03:28:55.842, 3520, 1
2026/10/07 03:28:56.106, 4219, 2
2026/10/07 03:28:56.370, 6345, 2
2026/10/07 03:28:56.635, 6477, 38
2026/10/07 03:28:56.899, 7237, 38
2026/10/07 03:28:57.164, 7241, 4
2026/10/07 03:28:57.428, 7243, 4
2026/10/07 03:28:57.692, 7239, 100
2026/10/07 03:28:57.957, 7241, 15
2026/10/07 03:28:58.222, 7241, 15
2026/10/07 03:28:58.486, 7243, 41
2026/10/07 03:28:58.750, 7239, 41
2026/10/07 03:28:59.014, 7241, 36
2026/10/07 03:28:59.277, 7243, 36
2026/10/07 03:28:59.542, 7245, 40
2026/10/07 03:28:59.806, 7243, 40
2026/10/07 03:29:00.071, 7245, 39
2026/10/07 03:29:00.335, 7247, 39
2026/10/07 03:29:00.599, 7247, 29
2026/10/07 03:29:00.864, 7253, 29
2026/10/07 03:29:01.128, 7253, 42
2026/10/07 03:29:01.392, 7253, 42
2026/10/07 03:29:01.656, 7253, 40
2026/10/07 03:29:01.921, 7254, 40
2026/10/07 03:29:02.185, 7254, 41
2026/10/07 03:29:02.449, 7244, 42
2026/10/07 03:29:02.714, 7237, 42
2026/10/07 03:29:02.978, 7232, 26
2026/10/07 03:29:03.242, 7232, 26
2026/10/07 03:29:03.506, 7232, 42
2026/10/07 03:29:03.769, 7229, 42
2026/10/07 03:29:04.033, 7221, 1
2026/10/07 03:29:04.296, 3480, 1
2026/10/07 03:29:04.558, 3480, 1
2026/10/07 03:29:04.822, 4202, 1
2026/10/07 03:29:05.087, 6426, 40
2026/10/07 03:29:05.350, 8942, 40
2026/10/07 03:29:05.615, 11356, 59
2026/10/07 03:29:05.878, 11294, 59
2026/10/07 03:29:06.143, 11294, 89
2026/10/07 03:29:06.393, 11294, 89
2026/10/07 03:29:06.658, 11294, 93
2026/10/07 03:29:06.923, 11294, 93
2026/10/07 03:29:07.188, 11294, 95
2026/10/07 03:29:07.452, 11294, 92
2026/10/07 03:29:07.716, 11294, 92
2026/10/07 03:29:07.980, 11294, 93
2026/10/07 03:29:08.231, 11287, 93
2026/10/07 03:29:08.495, 11287, 88
2026/10/07 03:29:08.758, 11287, 88
2026/10/07 03:29:09.024, 11287, 92
2026/10/07 03:29:09.289, 11287, 92
2026/10/07 03:29:09.553, 11287, 91
2026/10/07 03:29:09.804, 11287, 91
2026/10/07 03:29:10.068, 11287, 91
2026/10/07 03:29:10.333, 11287, 91
2026/10/07 03:29:10.583, 11287, 94
2026/10/07 03:29:10.849, 11287, 94
2026/10/07 03:29:11.113, 11287, 83
2026/10/07 03:29:11.377, 11287, 83
2026/10/07 03:29:11.641, 11287, 94
2026/10/07 03:29:11.891, 11287, 94
2026/10/07 03:29:12.155, 11287, 94
2026/10/07 03:29:12.408, 11287, 94
2026/10/07 03:29:12.673, 11287, 94
2026/10/07 03:29:12.923, 11287, 94
2026/10/07 03:29:13.187, 11287, 94
2026/10/07 03:29:13.451, 11287, 93
2026/10/07 03:29:13.715, 11287, 93
2026/10/07 03:29:13.979, 11287, 86
2026/10/07 03:29:14.243, 11287, 86
2026/10/07 03:29:14.507, 11287, 94
2026/10/07 03:29:14.771, 11287, 94
2026/10/07 03:29:15.035, 11287, 93
2026/10/07 03:29:15.299, 11287, 93
2026/10/07 03:29:15.563, 11287, 89
2026/10/07 03:29:15.828, 11287, 89
2026/10/07 03:29:16.092, 11287, 93
2026/10/07 03:29:16.357, 11287, 93
2026/10/07 03:29:16.608, 11287, 95
2026/10/07 03:29:16.872, 11287, 95
2026/10/07 03:29:17.136, 11287, 94
2026/10/07 03:29:17.400, 11287, 94
2026/10/07 03:29:17.664, 11287, 84
2026/10/07 03:29:17.929, 11287, 84
2026/10/07 03:29:18.193, 11287, 95
2026/10/07 03:29:18.456, 11287, 90
2026/10/07 03:29:18.707, 11287, 90
2026/10/07 03:29:18.971, 11287, 94
2026/10/07 03:29:19.235, 11287, 94
2026/10/07 03:29:19.499, 11287, 84
2026/10/07 03:29:19.764, 11287, 84
2026/10/07 03:29:20.029, 11287, 94
2026/10/07 03:29:20.293, 11287, 94
2026/10/07 03:29:20.557, 11287, 92
2026/10/07 03:29:20.822, 11287, 92
2026/10/07 03:29:21.074, 11287, 94
2026/10/07 03:29:21.338, 11287, 94
2026/10/07 03:29:21.602, 11287, 92
2026/10/07 03:29:21.855, 11287, 92
2026/10/07 03:29:22.119, 11287, 92
2026/10/07 03:29:22.384, 11287, 92
2026/10/07 03:29:22.649, 11287, 91
2026/10/07 03:29:22.914, 11287, 91
2026/10/07 03:29:23.179, 11287, 94
2026/10/07 03:29:23.443, 11287, 94
2026/10/07 03:29:23.707, 11287, 89
2026/10/07 03:29:23.973, 11287, 94
2026/10/07 03:29:24.238, 11294, 94
2026/10/07 03:29:24.502, 11294, 91
2026/10/07 03:29:24.766, 11294, 91
2026/10/07 03:29:25.031, 11294, 92
2026/10/07 03:29:25.294, 11294, 92
2026/10/07 03:29:25.558, 11294, 92
2026/10/07 03:29:25.823, 11294, 92
2026/10/07 03:29:26.088, 11294, 94
2026/10/07 03:29:26.354, 11294, 94
2026/10/07 03:29:26.605, 11294, 96
2026/10/07 03:29:26.871, 11294, 96
2026/10/07 03:29:27.136, 11294, 95
2026/10/07 03:29:27.400, 11294, 95
2026/10/07 03:29:27.664, 11294, 92
2026/10/07 03:29:27.928, 11294, 92
2026/10/07 03:29:28.180, 11294, 95
2026/10/07 03:29:28.431, 11294, 95
2026/10/07 03:29:28.694, 11294, 95
2026/10/07 03:29:28.960, 11294, 94
2026/10/07 03:29:29.223, 11287, 94
2026/10/07 03:29:29.488, 11287, 87
2026/10/07 03:29:29.752, 11287, 87
2026/10/07 03:29:30.015, 11287, 93
2026/10/07 03:29:30.279, 11287, 93
2026/10/07 03:29:30.530, 11287, 94
2026/10/07 03:29:30.795, 11287, 94
2026/10/07 03:29:31.059, 11287, 92
2026/10/07 03:29:31.309, 11287, 92
2026/10/07 03:29:31.575, 11287, 95
2026/10/07 03:29:31.839, 11287, 95
2026/10/07 03:29:32.090, 11287, 94
2026/10/07 03:29:32.354, 11287, 94
2026/10/07 03:29:32.619, 11287, 94
2026/10/07 03:29:32.884, 11287, 94
2026/10/07 03:29:33.149, 11489, 94
2026/10/07 03:29:33.413, 11489, 94
2026/10/07 03:29:33.677, 11489, 99
2026/10/07 03:29:33.942, 11489, 99
2026/10/07 03:29:34.207, 11489, 98
2026/10/07 03:29:34.457, 11489, 99
2026/10/07 03:29:34.723, 11489, 99
2026/10/07 03:29:34.975, 11489, 99
2026/10/07 03:29:35.239, 11489, 99
2026/10/07 03:29:35.503, 11489, 98
2026/10/07 03:29:35.768, 11489, 98
2026/10/07 03:29:36.031, 11489, 98
2026/10/07 03:29:36.295, 11489, 98
2026/10/07 03:29:36.559, 11489, 98
2026/10/07 03:29:36.823, 11489, 98
2026/10/07 03:29:37.087, 11489, 98
2026/10/07 03:29:37.351, 11489, 98
2026/10/07 03:29:37.615, 11489, 99
2026/10/07 03:29:37.879, 11489, 99
2026/10/07 03:29:38.144, 11489, 99
2026/10/07 03:29:38.409, 11489, 99
2026/10/07 03:29:38.673, 11489, 99
2026/10/07 03:29:38.936, 11489, 99
2026/10/07 03:29:39.200, 11489, 99
2026/10/07 03:29:39.463, 11489, 98
2026/10/07 03:29:39.727, 11489, 98
2026/10/07 03:29:39.991, 11489, 99
2026/10/07 03:29:40.255, 11489, 99
2026/10/07 03:29:40.519, 11489, 99
2026/10/07 03:29:40.783, 11489, 99
2026/10/07 03:29:41.047, 11489, 98
2026/10/07 03:29:41.311, 11489, 98
2026/10/07 03:29:41.576, 11489, 99
2026/10/07 03:29:41.828, 11489, 99
2026/10/07 03:29:42.078, 11489, 99
2026/10/07 03:29:42.343, 11489, 99
2026/10/07 03:29:42.608, 11489, 99
2026/10/07 03:29:42.872, 11489, 99
2026/10/07 03:29:43.136, 11489, 98
2026/10/07 03:29:43.401, 11489, 98
2026/10/07 03:29:43.665, 11489, 75
2026/10/07 03:29:43.929, 11489, 75
2026/10/07 03:29:44.179, 11489, 60
2026/10/07 03:29:44.443, 11489, 60
2026/10/07 03:29:44.707, 11489, 6
2026/10/07 03:29:44.971, 11489, 8
2026/10/07 03:29:45.235, 11489, 8
2026/10/07 03:29:45.500, 11489, 6
2026/10/07 03:29:45.762, 3589, 6
2026/10/07 03:29:46.013, 7531, 86
2026/10/07 03:29:46.277, 9763, 86
2026/10/07 03:29:46.530, 9763, 100
2026/10/07 03:29:46.780, 9765, 100
2026/10/07 03:29:47.044, 3507, 62
2026/10/07 03:29:47.306, 3507, 62
2026/10/07 03:29:47.568, 3507, 1
2026/10/07 03:29:47.830, 3507, 1
2026/10/07 03:29:48.091, 3507, 1
2026/10/07 03:29:48.354, 3507, 1
2026/10/07 03:29:48.616, 3507, 1
2026/10/07 03:29:48.878, 3507, 1
2026/10/07 03:29:49.141, 3507, 1
2026/10/07 03:29:49.404, 3507, 1
2026/10/07 03:29:49.667, 3528, 1
2026/10/07 03:29:49.931, 3507, 1
2026/10/07 03:29:50.194, 3714, 11
2026/10/07 03:29:50.458, 3730, 1
2026/10/07 03:29:50.721, 12154, 1
2026/10/07 03:29:50.984, 12154, 33
2026/10/07 03:29:51.249, 12156, 33
2026/10/07 03:29:51.513, 12156, 31
2026/10/07 03:29:51.779, 12156, 31
2026/10/07 03:29:52.043, 14830, 14
2026/10/07 03:29:52.306, 14856, 14
2026/10/07 03:29:52.569, 14864, 52
2026/10/07 03:29:52.833, 14903, 52
2026/10/07 03:29:53.096, 14904, 100
2026/10/07 03:29:53.360, 14904, 100
2026/10/07 03:29:53.624, 14905, 99
2026/10/07 03:29:53.887, 14905, 99
2026/10/07 03:29:54.151, 14905, 86
2026/10/07 03:29:54.415, 14905, 86
2026/10/07 03:29:54.679, 14905, 98
2026/10/07 03:29:54.943, 14901, 98
2026/10/07 03:29:55.208, 14901, 98
2026/10/07 03:29:55.472, 3562, 3
2026/10/07 03:29:55.735, 3562, 3
2026/10/07 03:29:55.999, 3582, 9
2026/10/07 03:29:56.262, 3563, 9
2026/10/07 03:29:56.526, 3563, 1
2026/10/07 03:29:56.789, 3562, 1
2026/10/07 03:29:57.053, 3562, 1
2026/10/07 03:29:57.317, 3564, 1
2026/10/07 03:29:57.583, 3564, 2
2026/10/07 03:29:57.847, 3549, 2
2026/10/07 03:29:58.112, 3555, 2
2026/10/07 03:29:58.377, 3559, 2
2026/10/07 03:29:58.640, 3559, 2
2026/10/07 03:29:58.905, 3559, 2
2026/10/07 03:29:59.170, 3560, 1
2026/10/07 03:29:59.434, 4223, 1
2026/10/07 03:29:59.698, 6383, 14
2026/10/07 03:29:59.961, 6512, 1
2026/10/07 03:30:00.225, 7267, 1
2026/10/07 03:30:00.490, 7271, 41
2026/10/07 03:30:00.754, 7273, 41
2026/10/07 03:30:01.018, 7275, 35
2026/10/07 03:30:01.283, 7277, 35
2026/10/07 03:30:01.547, 7277, 35
2026/10/07 03:30:01.810, 7279, 35
2026/10/07 03:30:02.074, 7281, 37
2026/10/07 03:30:02.337, 7281, 37
2026/10/07 03:30:02.601, 7283, 39
2026/10/07 03:30:02.866, 7280, 39
2026/10/07 03:30:03.131, 7280, 38
2026/10/07 03:30:03.395, 7282, 38
2026/10/07 03:30:03.660, 7282, 31
2026/10/07 03:30:03.923, 7283, 31
2026/10/07 03:30:04.187, 7283, 31
2026/10/07 03:30:04.452, 7289, 31
2026/10/07 03:30:04.716, 7289, 39
2026/10/07 03:30:04.980, 7289, 39
2026/10/07 03:30:05.245, 7289, 39
2026/10/07 03:30:05.509, 7288, 40
2026/10/07 03:30:05.772, 7276, 40
2026/10/07 03:30:06.037, 7272, 22
2026/10/07 03:30:06.302, 7270, 22
2026/10/07 03:30:06.566, 7270, 32
2026/10/07 03:30:06.830, 7270, 32
2026/10/07 03:30:07.094, 7270, 40
2026/10/07 03:30:07.359, 7270, 40
2026/10/07 03:30:07.623, 7270, 15
2026/10/07 03:30:07.887, 7270, 15
2026/10/07 03:30:08.151, 7270, 40
2026/10/07 03:30:08.415, 7270, 40
2026/10/07 03:30:08.679, 3521, 1
2026/10/07 03:30:08.941, 3521, 1
2026/10/07 03:30:09.202, 3521, 1
2026/10/07 03:30:09.465, 3521, 1
2026/10/07 03:30:09.729, 3521, 1
2026/10/07 03:30:09.992, 4243, 1
2026/10/07 03:30:10.256, 6143, 1
2026/10/07 03:30:10.519, 8731, 59
2026/10/07 03:30:10.784, 11545, 59
2026/10/07 03:30:11.048, 11451, 56
2026/10/07 03:30:11.312, 11444, 56
2026/10/07 03:30:11.578, 11444, 91
2026/10/07 03:30:11.843, 11444, 91
2026/10/07 03:30:12.108, 11438, 91
2026/10/07 03:30:12.372, 11438, 91
2026/10/07 03:30:12.637, 11438, 93
2026/10/07 03:30:12.901, 11438, 93
2026/10/07 03:30:13.165, 11438, 76
2026/10/07 03:30:13.430, 11438, 76
2026/10/07 03:30:13.695, 11438, 93
2026/10/07 03:30:13.960, 11438, 87
2026/10/07 03:30:14.213, 11438, 87
2026/10/07 03:30:14.477, 11438, 91
2026/10/07 03:30:14.741, 11438, 91
2026/10/07 03:30:15.007, 11438, 91
2026/10/07 03:30:15.257, 11438, 91
2026/10/07 03:30:15.521, 11438, 94
2026/10/07 03:30:15.785, 11438, 94
2026/10/07 03:30:16.050, 11438, 80
2026/10/07 03:30:16.313, 11438, 80
2026/10/07 03:30:16.577, 11438, 93
2026/10/07 03:30:16.841, 11438, 93
2026/10/07 03:30:17.105, 11438, 81
2026/10/07 03:30:17.368, 11438, 81
2026/10/07 03:30:17.632, 11438, 92
2026/10/07 03:30:17.896, 11438, 92
2026/10/07 03:30:18.159, 11438, 90
2026/10/07 03:30:18.425, 11438, 90
2026/10/07 03:30:18.688, 11438, 85
2026/10/07 03:30:18.952, 11438, 85
2026/10/07 03:30:19.203, 11438, 94
2026/10/07 03:30:19.468, 11438, 95
2026/10/07 03:30:19.732, 11438, 95
2026/10/07 03:30:19.984, 11438, 94
2026/10/07 03:30:20.248, 11438, 94
2026/10/07 03:30:20.499, 11438, 96
2026/10/07 03:30:20.764, 11438, 96
2026/10/07 03:30:21.028, 11438, 90
2026/10/07 03:30:21.292, 11438, 90
2026/10/07 03:30:21.558, 11438, 95
2026/10/07 03:30:21.809, 11438, 95
2026/10/07 03:30:22.073, 11438, 93
2026/10/07 03:30:22.338, 11438, 93
2026/10/07 03:30:22.602, 11438, 86
2026/10/07 03:30:22.867, 11438, 86
2026/10/07 03:30:23.132, 11438, 94
2026/10/07 03:30:23.395, 11438, 94
2026/10/07 03:30:23.660, 11438, 77
2026/10/07 03:30:23.925, 11438, 77
2026/10/07 03:30:24.189, 11438, 92
2026/10/07 03:30:24.453, 11438, 92
2026/10/07 03:30:24.718, 11438, 94
2026/10/07 03:30:24.982, 11438, 94
2026/10/07 03:30:25.247, 11438, 94
2026/10/07 03:30:25.512, 11438, 95
2026/10/07 03:30:25.776, 11438, 95
2026/10/07 03:30:26.041, 11438, 93
2026/10/07 03:30:26.306, 11441, 93
2026/10/07 03:30:26.571, 11441, 95
2026/10/07 03:30:26.835, 11441, 95
2026/10/07 03:30:27.100, 11441, 95
2026/10/07 03:30:27.365, 11441, 95
2026/10/07 03:30:27.629, 11441, 96
2026/10/07 03:30:27.880, 11441, 96
2026/10/07 03:30:28.145, 11441, 89
2026/10/07 03:30:28.410, 11441, 89
2026/10/07 03:30:28.674, 11441, 96
2026/10/07 03:30:28.939, 11441, 96
2026/10/07 03:30:29.202, 11441, 95
2026/10/07 03:30:29.454, 11441, 95
2026/10/07 03:30:29.719, 11441, 95
2026/10/07 03:30:29.983, 11441, 96
2026/10/07 03:30:30.247, 11441, 96
2026/10/07 03:30:30.511, 11441, 95
2026/10/07 03:30:30.775, 11441, 95
2026/10/07 03:30:31.039, 11441, 95
2026/10/07 03:30:31.290, 11441, 95
2026/10/07 03:30:31.553, 11441, 95
2026/10/07 03:30:31.817, 11441, 95
2026/10/07 03:30:32.081, 11441, 95
2026/10/07 03:30:32.345, 11441, 95
2026/10/07 03:30:32.597, 11441, 95
2026/10/07 03:30:32.847, 11441, 95
2026/10/07 03:30:33.113, 11441, 91
2026/10/07 03:30:33.377, 11441, 91
2026/10/07 03:30:33.642, 11441, 96
2026/10/07 03:30:33.907, 11448, 96
2026/10/07 03:30:34.171, 11448, 95
2026/10/07 03:30:34.435, 11448, 95
2026/10/07 03:30:34.700, 11448, 96
2026/10/07 03:30:34.965, 11448, 91
2026/10/07 03:30:35.215, 11448, 91
2026/10/07 03:30:35.479, 11448, 91
2026/10/07 03:30:35.744, 11448, 91
2026/10/07 03:30:35.994, 11448, 92
2026/10/07 03:30:36.258, 11448, 92
2026/10/07 03:30:36.524, 11448, 94
2026/10/07 03:30:36.788, 11448, 94
2026/10/07 03:30:37.051, 11448, 90
2026/10/07 03:30:37.315, 11448, 90
2026/10/07 03:30:37.578, 11448, 96
2026/10/07 03:30:37.843, 11448, 96
2026/10/07 03:30:38.108, 11448, 94
2026/10/07 03:30:38.372, 11448, 94
2026/10/07 03:30:38.636, 11448, 95
2026/10/07 03:30:38.900, 11444, 95
2026/10/07 03:30:39.166, 11441, 94
2026/10/07 03:30:39.430, 11441, 94
2026/10/07 03:30:39.695, 11441, 96
2026/10/07 03:30:39.947, 11441, 96
2026/10/07 03:30:40.211, 11441, 96
2026/10/07 03:30:40.476, 11441, 96
2026/10/07 03:30:40.741, 11441, 96
2026/10/07 03:30:41.006, 11441, 92
2026/10/07 03:30:41.271, 11441, 92
2026/10/07 03:30:41.534, 11441, 95
2026/10/07 03:30:41.799, 11441, 95
2026/10/07 03:30:42.063, 11441, 92
2026/10/07 03:30:42.327, 11441, 92
2026/10/07 03:30:42.593, 11441, 94
2026/10/07 03:30:42.844, 11441, 94
2026/10/07 03:30:43.108, 11441, 95
2026/10/07 03:30:43.362, 11441, 95
2026/10/07 03:30:43.624, 11441, 94
2026/10/07 03:30:43.875, 11441, 94
2026/10/07 03:30:44.140, 11441, 85
2026/10/07 03:30:44.404, 11441, 85
2026/10/07 03:30:44.668, 11441, 93
2026/10/07 03:30:44.920, 11441, 93
2026/10/07 03:30:45.184, 11441, 95
2026/10/07 03:30:45.449, 11441, 95
2026/10/07 03:30:45.700, 11441, 82
2026/10/07 03:30:45.965, 11441, 96
2026/10/07 03:30:46.230, 11441, 96
2026/10/07 03:30:46.494, 11441, 95
2026/10/07 03:30:46.757, 11441, 95
2026/10/07 03:30:47.022, 11441, 91
2026/10/07 03:30:47.272, 11441, 91
2026/10/07 03:30:47.537, 11441, 95
2026/10/07 03:30:47.802, 11441, 95
2026/10/07 03:30:48.068, 11441, 95
2026/10/07 03:30:48.331, 11447, 95
2026/10/07 03:30:48.597, 11447, 95
2026/10/07 03:30:48.850, 11447, 95
2026/10/07 03:30:49.115, 11447, 94
2026/10/07 03:30:49.366, 11447, 94
2026/10/07 03:30:49.631, 11447, 96
2026/10/07 03:30:49.896, 11727, 96
2026/10/07 03:30:50.161, 11727, 90
2026/10/07 03:30:50.425, 11727, 90
2026/10/07 03:30:50.690, 11727, 99
2026/10/07 03:30:50.954, 11727, 99
2026/10/07 03:30:51.205, 11727, 99
2026/10/07 03:30:51.470, 11727, 98
2026/10/07 03:30:51.735, 11727, 98
2026/10/07 03:30:51.999, 11727, 99
2026/10/07 03:30:52.264, 11727, 99
2026/10/07 03:30:52.528, 11727, 98
2026/10/07 03:30:52.793, 11727, 98
2026/10/07 03:30:53.057, 11727, 99
2026/10/07 03:30:53.321, 11721, 99
2026/10/07 03:30:53.585, 11721, 100
2026/10/07 03:30:53.849, 11721, 100
2026/10/07 03:30:54.101, 11721, 99
2026/10/07 03:30:54.365, 11721, 99
2026/10/07 03:30:54.616, 11721, 100
2026/10/07 03:30:54.867, 11721, 100
2026/10/07 03:30:55.131, 11721, 100
2026/10/07 03:30:55.394, 11721, 100
2026/10/07 03:30:55.658, 11721, 100
2026/10/07 03:30:55.922, 11721, 100
2026/10/07 03:30:56.186, 11721, 99
2026/10/07 03:30:56.450, 11721, 99
2026/10/07 03:30:56.715, 11721, 100
2026/10/07 03:30:56.980, 11721, 99
2026/10/07 03:30:57.243, 11721, 99
2026/10/07 03:30:57.506, 11721, 100
2026/10/07 03:30:57.770, 11721, 100
2026/10/07 03:30:58.034, 11721, 100
2026/10/07 03:30:58.298, 11721, 100
2026/10/07 03:30:58.562, 11721, 99
2026/10/07 03:30:58.825, 11721, 99
2026/10/07 03:30:59.090, 11721, 99
2026/10/07 03:30:59.354, 11721, 99
2026/10/07 03:30:59.620, 11721, 99
2026/10/07 03:30:59.884, 11721, 99
2026/10/07 03:31:00.149, 11721, 99
2026/10/07 03:31:00.412, 11721, 99
2026/10/07 03:31:00.678, 11721, 99
2026/10/07 03:31:00.943, 11721, 99
2026/10/07 03:31:01.208, 11721, 99
2026/10/07 03:31:01.472, 11721, 99
2026/10/07 03:31:01.736, 11721, 99
2026/10/07 03:31:02.000, 11721, 99
2026/10/07 03:31:02.264, 11721, 99
2026/10/07 03:31:02.528, 11721, 100
2026/10/07 03:31:02.791, 11721, 100
2026/10/07 03:31:03.056, 11721, 99
2026/10/07 03:31:03.319, 11721, 99
2026/10/07 03:31:03.584, 11721, 100
2026/10/07 03:31:03.849, 11721, 100
2026/10/07 03:31:04.113, 11721, 100
2026/10/07 03:31:04.376, 11721, 100
2026/10/07 03:31:04.641, 11721, 100
2026/10/07 03:31:04.905, 11721, 100
2026/10/07 03:31:05.169, 11721, 100
2026/10/07 03:31:05.433, 11721, 100
2026/10/07 03:31:05.698, 11721, 100
2026/10/07 03:31:05.962, 11721, 99
2026/10/07 03:31:06.226, 11721, 99
2026/10/07 03:31:06.491, 11721, 99
2026/10/07 03:31:06.755, 11721, 99
2026/10/07 03:31:07.019, 11721, 7
2026/10/07 03:31:07.269, 11721, 7
2026/10/07 03:31:07.532, 11721, 8
2026/10/07 03:31:07.796, 11721, 8
2026/10/07 03:31:08.060, 11721, 6
2026/10/07 03:31:08.324, 11721, 6
2026/10/07 03:31:08.588, 11721, 7
2026/10/07 03:31:08.852, 11721, 7
2026/10/07 03:31:09.116, 7571, 3
2026/10/07 03:31:09.369, 7571, 3
2026/10/07 03:31:09.632, 9805, 97
2026/10/07 03:31:09.896, 9805, 97
2026/10/07 03:31:10.148, 9805, 100
2026/10/07 03:31:10.414, 9805, 100
2026/10/07 03:31:10.677, 3541, 100
2026/10/07 03:31:10.941, 3541, 100
2026/10/07 03:31:11.206, 3541, 1
2026/10/07 03:31:11.470, 3541, 1
2026/10/07 03:31:11.735, 3541, 1
2026/10/07 03:31:12.000, 3541, 0
2026/10/07 03:31:12.262, 3541, 0
2026/10/07 03:31:12.526, 3541, 1
2026/10/07 03:31:12.790, 3541, 1
2026/10/07 03:31:13.053, 3748, 1
2026/10/07 03:31:13.317, 3557, 1
2026/10/07 03:31:13.580, 3764, 2
2026/10/07 03:31:13.844, 3764, 2
2026/10/07 03:31:14.107, 12190, 89
2026/10/07 03:31:14.371, 12190, 89
2026/10/07 03:31:14.635, 12190, 30
2026/10/07 03:31:14.900, 12190, 30
2026/10/07 03:31:15.164, 12190, 28
2026/10/07 03:31:15.428, 14855, 28
2026/10/07 03:31:15.692, 14914, 57
2026/10/07 03:31:15.955, 14923, 57
2026/10/07 03:31:16.219, 14923, 100
2026/10/07 03:31:16.482, 14924, 100
2026/10/07 03:31:16.746, 14923, 100
2026/10/07 03:31:17.009, 14921, 99
2026/10/07 03:31:17.274, 14921, 99
2026/10/07 03:31:17.537, 14921, 98
2026/10/07 03:31:17.800, 14921, 98
2026/10/07 03:31:18.064, 14921, 97
2026/10/07 03:31:18.328, 14921, 97
2026/10/07 03:31:18.593, 14921, 98
2026/10/07 03:31:18.857, 14916, 98
2026/10/07 03:31:19.121, 14914, 98
2026/10/07 03:31:19.385, 14914, 98
2026/10/07 03:31:19.648, 14914, 98
2026/10/07 03:31:19.912, 14914, 98
2026/10/07 03:31:20.174, 14914, 98
2026/10/07 03:31:20.438, 14914, 98
2026/10/07 03:31:20.701, 3575, 72
2026/10/07 03:31:20.964, 4458, 26
2026/10/07 03:31:21.228, 5952, 26
2026/10/07 03:31:21.493, 8393, 61
2026/10/07 03:31:21.756, 11561, 61
2026/10/07 03:31:22.020, 11466, 79
2026/10/07 03:31:22.285, 11464, 79
2026/10/07 03:31:22.549, 11464, 82
2026/10/07 03:31:22.814, 11464, 82
2026/10/07 03:31:23.077, 11466, 95
2026/10/07 03:31:23.342, 11463, 95
2026/10/07 03:31:23.605, 11463, 94
2026/10/07 03:31:23.858, 11463, 94
2026/10/07 03:31:24.123, 11463, 94
2026/10/07 03:31:24.387, 11463, 94
2026/10/07 03:31:24.651, 11504, 82
2026/10/07 03:31:24.915, 11507, 82
2026/10/07 03:31:25.180, 11507, 92
2026/10/07 03:31:25.444, 11507, 92
2026/10/07 03:31:25.708, 11507, 95
2026/10/07 03:31:25.972, 11505, 91
2026/10/07 03:31:26.236, 11505, 91
2026/10/07 03:31:26.500, 11505, 91
2026/10/07 03:31:26.764, 11505, 91
2026/10/07 03:31:27.029, 11505, 92
2026/10/07 03:31:27.295, 11505, 92
2026/10/07 03:31:27.558, 11505, 93
2026/10/07 03:31:27.824, 11500, 93
2026/10/07 03:31:28.088, 11500, 89
2026/10/07 03:31:28.339, 11500, 89
2026/10/07 03:31:28.603, 11500, 85
2026/10/07 03:31:28.867, 11499, 85
2026/10/07 03:31:29.130, 11499, 90
2026/10/07 03:31:29.395, 11499, 90
2026/10/07 03:31:29.659, 11477, 94
2026/10/07 03:31:29.925, 11477, 94
2026/10/07 03:31:30.175, 11477, 91
2026/10/07 03:31:30.440, 11477, 91
2026/10/07 03:31:30.704, 11477, 90
2026/10/07 03:31:30.968, 11466, 93
2026/10/07 03:31:31.231, 11466, 93
2026/10/07 03:31:31.496, 11453, 95
2026/10/07 03:31:31.760, 11448, 95
2026/10/07 03:31:32.024, 11448, 83
2026/10/07 03:31:32.288, 11445, 83
2026/10/07 03:31:32.553, 11445, 89
2026/10/07 03:31:32.804, 11445, 89
2026/10/07 03:31:33.068, 11445, 95
2026/10/07 03:31:33.319, 11445, 95
2026/10/07 03:31:33.582, 11445, 94
2026/10/07 03:31:33.832, 11445, 94
2026/10/07 03:31:34.097, 11445, 94
2026/10/07 03:31:34.360, 11445, 94
2026/10/07 03:31:34.625, 11445, 87
2026/10/07 03:31:34.889, 11445, 87
2026/10/07 03:31:35.139, 11445, 92
2026/10/07 03:31:35.402, 11445, 92
2026/10/07 03:31:35.666, 11445, 82
2026/10/07 03:31:35.931, 11445, 82
2026/10/07 03:31:36.182, 11445, 94
2026/10/07 03:31:36.446, 11445, 94
2026/10/07 03:31:36.710, 11445, 80
2026/10/07 03:31:36.964, 11445, 92
2026/10/07 03:31:37.229, 11445, 92
2026/10/07 03:31:37.494, 11445, 94
2026/10/07 03:31:37.759, 11445, 94
2026/10/07 03:31:38.023, 11445, 95
2026/10/07 03:31:38.286, 11445, 95
2026/10/07 03:31:38.550, 11445, 93
2026/10/07 03:31:38.814, 11445, 93
2026/10/07 03:31:39.078, 11445, 95
2026/10/07 03:31:39.343, 11445, 95
2026/10/07 03:31:39.607, 11445, 87
2026/10/07 03:31:39.871, 11445, 87
2026/10/07 03:31:40.135, 11445, 94
2026/10/07 03:31:40.401, 11445, 94
2026/10/07 03:31:40.664, 11445, 83
2026/10/07 03:31:40.929, 11445, 83
2026/10/07 03:31:41.192, 11445, 95
2026/10/07 03:31:41.456, 11445, 95
2026/10/07 03:31:41.720, 11445, 95
2026/10/07 03:31:41.970, 11445, 95
2026/10/07 03:31:42.234, 11445, 95
2026/10/07 03:31:42.499, 11445, 87
2026/10/07 03:31:42.763, 11445, 87
2026/10/07 03:31:43.027, 11445, 95
2026/10/07 03:31:43.292, 11445, 95
2026/10/07 03:31:43.556, 11445, 94
2026/10/07 03:31:43.820, 11448, 94
2026/10/07 03:31:44.085, 11444, 85
2026/10/07 03:31:44.349, 11444, 85
2026/10/07 03:31:44.600, 11444, 93
2026/10/07 03:31:44.853, 11444, 93
2026/10/07 03:31:45.116, 11444, 93
2026/10/07 03:31:45.379, 11444, 93
2026/10/07 03:31:45.643, 11444, 95
2026/10/07 03:31:45.907, 11440, 95
2026/10/07 03:31:46.171, 11440, 82
2026/10/07 03:31:46.422, 11440, 82
2026/10/07 03:31:46.686, 11440, 93
2026/10/07 03:31:46.950, 11440, 93
2026/10/07 03:31:47.201, 11440, 95
2026/10/07 03:31:47.465, 11440, 95
2026/10/07 03:31:47.730, 11440, 94
2026/10/07 03:31:47.995, 11440, 94
2026/10/07 03:31:48.259, 11440, 94
2026/10/07 03:31:48.522, 11440, 95
2026/10/07 03:31:48.785, 11440, 95
2026/10/07 03:31:49.050, 11440, 94
2026/10/07 03:31:49.301, 11440, 94
2026/10/07 03:31:49.564, 11440, 93
2026/10/07 03:31:49.829, 11440, 93
2026/10/07 03:31:50.092, 11440, 95
2026/10/07 03:31:50.357, 11440, 95
2026/10/07 03:31:50.621, 11440, 93
2026/10/07 03:31:50.885, 11440, 93
2026/10/07 03:31:51.150, 11440, 95
2026/10/07 03:31:51.403, 11440, 95
2026/10/07 03:31:51.668, 11440, 92
2026/10/07 03:31:51.921, 11440, 92
2026/10/07 03:31:52.187, 11444, 95
2026/10/07 03:31:52.451, 11444, 95
2026/10/07 03:31:52.702, 11444, 94
2026/10/07 03:31:52.952, 11444, 94
2026/10/07 03:31:53.216, 11444, 93
2026/10/07 03:31:53.480, 11444, 94
2026/10/07 03:31:53.745, 11444, 94
2026/10/07 03:31:54.010, 11444, 95
2026/10/07 03:31:54.274, 11439, 95
2026/10/07 03:31:54.539, 11439, 85
2026/10/07 03:31:54.802, 11439, 85
2026/10/07 03:31:55.066, 11683, 93
2026/10/07 03:31:55.330, 11683, 93
2026/10/07 03:31:55.595, 11683, 97
2026/10/07 03:31:55.858, 11683, 97
2026/10/07 03:31:56.122, 11683, 99
2026/10/07 03:31:56.387, 11683, 99
2026/10/07 03:31:56.652, 11683, 99
2026/10/07 03:31:56.917, 11683, 99
2026/10/07 03:31:57.181, 11683, 98
2026/10/07 03:31:57.445, 11683, 98
2026/10/07 03:31:57.709, 11683, 99
2026/10/07 03:31:57.974, 11683, 98
2026/10/07 03:31:58.237, 11683, 98
2026/10/07 03:31:58.502, 11683, 99
2026/10/07 03:31:58.752, 11683, 99
2026/10/07 03:31:59.016, 11683, 99
2026/10/07 03:31:59.280, 11677, 99
2026/10/07 03:31:59.544, 11677, 99
2026/10/07 03:31:59.808, 11677, 99
2026/10/07 03:32:00.073, 11677, 99
2026/10/07 03:32:00.338, 11677, 99
2026/10/07 03:32:00.602, 11677, 98
2026/10/07 03:32:00.866, 11677, 98
2026/10/07 03:32:01.130, 11677, 99
2026/10/07 03:32:01.381, 11677, 99
2026/10/07 03:32:01.645, 11677, 99
2026/10/07 03:32:01.895, 11677, 99
2026/10/07 03:32:02.160, 11677, 98
2026/10/07 03:32:02.426, 11677, 98
2026/10/07 03:32:02.691, 11677, 99
2026/10/07 03:32:02.955, 11677, 99
2026/10/07 03:32:03.205, 11677, 98
2026/10/07 03:32:03.456, 11677, 98
2026/10/07 03:32:03.721, 11677, 98
2026/10/07 03:32:03.987, 11677, 99
2026/10/07 03:32:04.237, 11677, 99
2026/10/07 03:32:04.500, 11677, 99
2026/10/07 03:32:04.751, 11677, 99
2026/10/07 03:32:05.014, 11677, 99
2026/10/07 03:32:05.268, 11677, 99
2026/10/07 03:32:05.531, 11677, 99
2026/10/07 03:32:05.784, 11677, 99
2026/10/07 03:32:06.034, 11677, 99
2026/10/07 03:32:06.300, 11677, 99
2026/10/07 03:32:06.564, 11677, 99
2026/10/07 03:32:06.815, 11677, 99
2026/10/07 03:32:07.079, 11677, 99
2026/10/07 03:32:07.344, 11677, 99
2026/10/07 03:32:07.607, 11677, 99
2026/10/07 03:32:07.872, 11677, 99
2026/10/07 03:32:08.136, 11677, 99
2026/10/07 03:32:08.399, 11677, 99
2026/10/07 03:32:08.662, 11677, 99
2026/10/07 03:32:08.926, 11677, 99
2026/10/07 03:32:09.190, 11677, 6
2026/10/07 03:32:09.454, 11677, 6
2026/10/07 03:32:09.718, 11677, 8
2026/10/07 03:32:09.982, 11677, 7
2026/10/07 03:32:10.246, 11677, 7
2026/10/07 03:32:10.510, 5521, 4
2026/10/07 03:32:10.774, 7589, 4
2026/10/07 03:32:11.027, 9821, 97
2026/10/07 03:32:11.280, 9821, 97
2026/10/07 03:32:11.544, 9821, 100
2026/10/07 03:32:11.808, 9821, 100
2026/10/07 03:32:12.073, 3453, 9
2026/10/07 03:32:12.335, 3453, 9
2026/10/07 03:32:12.599, 3453, 1
2026/10/07 03:32:12.861, 3459, 1
2026/10/07 03:32:13.125, 3459, 1
2026/10/07 03:32:13.389, 3459, 1
