2026/10/08 04:14:36.070, 2162, 1
2026/10/08 04:14:36.333, 2162, 1
2026/10/08 04:14:36.598, 2162, 1
2026/10/08 04:14:36.861, 2162, 1
2026/10/08 04:14:37.125, 2162, 1
2026/10/08 04:14:37.389, 2162, 1
2026/10/08 04:14:37.653, 2154, 1
2026/10/08 04:14:37.917, 2154, 1
2026/10/08 04:14:38.180, 2154, 1
2026/10/08 04:14:38.443, 2154, 1
2026/10/08 04:14:38.707, 2154, 1
2026/10/08 04:14:38.970, 2154, 1
2026/10/08 04:14:39.234, 2154, 1
2026/10/08 04:14:39.499, 2154, 1
2026/10/08 04:14:39.763, 2154, 1
2026/10/08 04:14:40.027, 2154, 1
2026/10/08 04:14:40.292, 2361, 1
2026/10/08 04:14:40.556, 2357, 4
2026/10/08 04:14:40.821, 2357, 4
2026/10/08 04:14:41.085, 2357, 1
2026/10/08 04:14:41.349, 2357, 1
2026/10/08 04:14:41.613, 2357, 1
2026/10/08 04:14:41.877, 2357, 1
2026/10/08 04:14:42.141, 2357, 1
2026/10/08 04:14:42.405, 2357, 1
2026/10/08 04:14:42.669, 2357, 1
2026/10/08 04:14:42.933, 2357, 1
2026/10/08 04:14:43.197, 2357, 1
2026/10/08 04:14:43.462, 2357, 1
2026/10/08 04:14:43.725, 2357, 1
2026/10/08 04:14:43.990, 2357, 1
2026/10/08 04:14:44.254, 2357, 1
2026/10/08 04:14:44.520, 2357, 1
2026/10/08 04:14:44.784, 2357, 1
2026/10/08 04:14:45.048, 2357, 1
2026/10/08 04:14:45.313, 2357, 1
2026/10/08 04:14:45.578, 2357, 1
2026/10/08 04:14:45.842, 2357, 1
2026/10/08 04:14:46.106, 2773, 1
2026/10/08 04:14:46.369, 4533, 40
2026/10/08 04:14:46.632, 6133, 40
2026/10/08 04:14:46.897, 6135, 1
2026/10/08 04:14:47.161, 6215, 1
2026/10/08 04:14:47.427, 6471, 81
2026/10/08 04:14:47.690, 6471, 81
2026/10/08 04:14:47.955, 6343, 59
2026/10/08 04:14:48.220, 6471, 59
2026/10/08 04:14:48.484, 6471, 45
2026/10/08 04:14:48.734, 6471, 45
2026/10/08 04:14:48.997, 6471, 68
2026/10/08 04:14:49.261, 6471, 68
2026/10/08 04:14:49.526, 6471, 36
2026/10/08 04:14:49.790, 6471, 36
2026/10/08 04:14:50.054, 6471, 35
2026/10/08 04:14:50.319, 6471, 35
2026/10/08 04:14:50.583, 6471, 67
2026/10/08 04:14:50.847, 6471, 75
2026/10/08 04:14:51.111, 6471, 75
2026/10/08 04:14:51.376, 6471, 60
2026/10/08 04:14:51.640, 6471, 60
2026/10/08 04:14:51.904, 6471, 80
2026/10/08 04:14:52.169, 6471, 80
2026/10/08 04:14:52.433, 6471, 70
2026/10/08 04:14:52.697, 6279, 70
2026/10/08 04:14:52.961, 6471, 81
2026/10/08 04:14:53.225, 6343, 81
2026/10/08 04:14:53.488, 6279, 57
2026/10/08 04:14:53.753, 6343, 57
2026/10/08 04:14:54.017, 2375, 91
2026/10/08 04:14:54.281, 2375, 91
2026/10/08 04:14:54.545, 2375, 0
2026/10/08 04:14:54.809, 2375, 0
2026/10/08 04:14:55.073, 2375, 1
2026/10/08 04:14:55.338, 2375, 1
2026/10/08 04:14:55.603, 2375, 1
2026/10/08 04:14:55.868, 2375, 1
2026/10/08 04:14:56.132, 2375, 1
2026/10/08 04:14:56.397, 2375, 1
2026/10/08 04:14:56.662, 2375, 1
2026/10/08 04:14:56.926, 2375, 1
2026/10/08 04:14:57.190, 2375, 1
2026/10/08 04:14:57.455, 2375, 1
2026/10/08 04:14:57.719, 2384, 1
2026/10/08 04:14:57.983, 3676, 1
2026/10/08 04:14:58.248, 5200, 1
2026/10/08 04:14:58.512, 5200, 10
2026/10/08 04:14:58.776, 5200, 10
2026/10/08 04:14:59.041, 5200, 1
2026/10/08 04:14:59.304, 5200, 1
2026/10/08 04:14:59.569, 5200, 0
2026/10/08 04:14:59.833, 6086, 0
2026/10/08 04:15:00.098, 6092, 18
2026/10/08 04:15:00.362, 6096, 75
2026/10/08 04:15:00.626, 6098, 75
2026/10/08 04:15:00.890, 6100, 39
2026/10/08 04:15:01.140, 6102, 39
2026/10/08 04:15:01.404, 6104, 39
2026/10/08 04:15:01.669, 6104, 39
2026/10/08 04:15:01.933, 6106, 32
2026/10/08 04:15:02.197, 6103, 32
2026/10/08 04:15:02.462, 6107, 38
2026/10/08 04:15:02.725, 6107, 38
2026/10/08 04:15:02.990, 6107, 21
2026/10/08 04:15:03.255, 6109, 21
2026/10/08 04:15:03.506, 6111, 21
2026/10/08 04:15:03.771, 6111, 21
2026/10/08 04:15:04.035, 6117, 41
2026/10/08 04:15:04.299, 6117, 41
2026/10/08 04:15:04.563, 6117, 40
2026/10/08 04:15:04.828, 6117, 40
2026/10/08 04:15:05.093, 6117, 39
2026/10/08 04:15:05.358, 6119, 39
2026/10/08 04:15:05.622, 6119, 39
2026/10/08 04:15:05.887, 6119, 18
2026/10/08 04:15:06.151, 6117, 18
2026/10/08 04:15:06.416, 6117, 20
2026/10/08 04:15:06.680, 6117, 20
2026/10/08 04:15:06.945, 6117, 41
2026/10/08 04:15:07.210, 6117, 41
2026/10/08 04:15:07.473, 6117, 14
2026/10/08 04:15:07.738, 6117, 14
2026/10/08 04:15:08.002, 6117, 28
2026/10/08 04:15:08.267, 6117, 28
2026/10/08 04:15:08.531, 6122, 41
2026/10/08 04:15:08.795, 6130, 41
2026/10/08 04:15:09.060, 6130, 30
2026/10/08 04:15:09.324, 6130, 30
2026/10/08 04:15:09.589, 6130, 15
2026/10/08 04:15:09.853, 6130, 16
2026/10/08 04:15:10.117, 6134, 16
2026/10/08 04:15:10.381, 6134, 1
2026/10/08 04:15:10.645, 6178, 1
2026/10/08 04:15:10.910, 2462, 2
2026/10/08 04:15:11.174, 2463, 2
2026/10/08 04:15:11.439, 2469, 1
2026/10/08 04:15:11.702, 2469, 1
2026/10/08 04:15:11.966, 2475, 1
2026/10/08 04:15:12.230, 2477, 1
2026/10/08 04:15:12.494, 2476, 2
2026/10/08 04:15:12.758, 2477, 2
2026/10/08 04:15:13.023, 2472, 2
2026/10/08 04:15:13.287, 2472, 2
2026/10/08 04:15:13.551, 2472, 1
2026/10/08 04:15:13.815, 2481, 1
2026/10/08 04:15:14.079, 2481, 7
2026/10/08 04:15:14.343, 2490, 7
2026/10/08 04:15:14.607, 2683, 1
2026/10/08 04:15:14.871, 2683, 1
2026/10/08 04:15:15.136, 2683, 1
2026/10/08 04:15:15.400, 11107, 40
2026/10/08 04:15:15.664, 11106, 40
2026/10/08 04:15:15.928, 11103, 36
2026/10/08 04:15:16.193, 11103, 36
2026/10/08 04:15:16.457, 11103, 34
2026/10/08 04:15:16.722, 13849, 34
2026/10/08 04:15:16.985, 13843, 48
2026/10/08 04:15:17.249, 13869, 48
2026/10/08 04:15:17.513, 13869, 99
2026/10/08 04:15:17.777, 13859, 99
2026/10/08 04:15:18.042, 13861, 99
2026/10/08 04:15:18.306, 13861, 99
2026/10/08 04:15:18.571, 13868, 100
2026/10/08 04:15:18.835, 13868, 100
2026/10/08 04:15:19.099, 13868, 97
2026/10/08 04:15:19.362, 13868, 98
2026/10/08 04:15:19.627, 13847, 98
2026/10/08 04:15:19.891, 13847, 98
2026/10/08 04:15:20.154, 13847, 98
2026/10/08 04:15:20.418, 13847, 97
2026/10/08 04:15:20.682, 13843, 97
2026/10/08 04:15:20.945, 13843, 98
2026/10/08 04:15:21.209, 13843, 98
2026/10/08 04:15:21.473, 13843, 97
2026/10/08 04:15:21.736, 13848, 97
2026/10/08 04:15:22.000, 13852, 98
2026/10/08 04:15:22.263, 13852, 98
2026/10/08 04:15:22.528, 13861, 97
2026/10/08 04:15:22.792, 13887, 97
2026/10/08 04:15:23.056, 13887, 97
2026/10/08 04:15:23.320, 13887, 97
2026/10/08 04:15:23.570, 13887, 97
2026/10/08 04:15:23.834, 13887, 97
2026/10/08 04:15:24.098, 13887, 98
2026/10/08 04:15:24.362, 13887, 98
2026/10/08 04:15:24.625, 13865, 98
2026/10/08 04:15:24.888, 13885, 98
2026/10/08 04:15:25.152, 13885, 98
2026/10/08 04:15:25.416, 13877, 98
2026/10/08 04:15:25.680, 13877, 98
2026/10/08 04:15:25.944, 13877, 98
2026/10/08 04:15:26.207, 13877, 98
2026/10/08 04:15:26.472, 13877, 98
2026/10/08 04:15:26.736, 13877, 98
2026/10/08 04:15:27.000, 13868, 97
2026/10/08 04:15:27.263, 13866, 97
2026/10/08 04:15:27.527, 13866, 98
2026/10/08 04:15:27.792, 13840, 98
2026/10/08 04:15:28.055, 13839, 98
2026/10/08 04:15:28.319, 13839, 98
2026/10/08 04:15:28.584, 13839, 98
2026/10/08 04:15:28.848, 13839, 97
2026/10/08 04:15:29.112, 13839, 97
2026/10/08 04:15:29.375, 13826, 98
2026/10/08 04:15:29.639, 13826, 98
2026/10/08 04:15:29.903, 13826, 98
2026/10/08 04:15:30.166, 13794, 98
2026/10/08 04:15:30.430, 13794, 97
2026/10/08 04:15:30.694, 13794, 97
2026/10/08 04:15:30.959, 13794, 97
2026/10/08 04:15:31.224, 13794, 97
2026/10/08 04:15:31.489, 13794, 97
2026/10/08 04:15:31.753, 13794, 97
2026/10/08 04:15:32.017, 13794, 98
2026/10/08 04:15:32.282, 13794, 98
2026/10/08 04:15:32.546, 13794, 97
2026/10/08 04:15:32.811, 13794, 97
2026/10/08 04:15:33.074, 13794, 98
2026/10/08 04:15:33.340, 13794, 98
2026/10/08 04:15:33.603, 13794, 97
2026/10/08 04:15:33.866, 13794, 97
2026/10/08 04:15:34.129, 13794, 97
2026/10/08 04:15:34.393, 13794, 97
2026/10/08 04:15:34.657, 13794, 97
2026/10/08 04:15:34.920, 13794, 97
2026/10/08 04:15:35.184, 13794, 97
2026/10/08 04:15:35.448, 13794, 97
2026/10/08 04:15:35.713, 13794, 97
2026/10/08 04:15:35.978, 13799, 97
2026/10/08 04:15:36.242, 13799, 97
2026/10/08 04:15:36.507, 13799, 97
2026/10/08 04:15:36.771, 13821, 97
2026/10/08 04:15:37.035, 13818, 96
2026/10/08 04:15:37.300, 13818, 96
2026/10/08 04:15:37.563, 13819, 98
2026/10/08 04:15:37.827, 13819, 98
2026/10/08 04:15:38.091, 13819, 97
2026/10/08 04:15:38.355, 13819, 98
2026/10/08 04:15:38.618, 13819, 98
2026/10/08 04:15:38.882, 13814, 97
2026/10/08 04:15:39.145, 13814, 97
2026/10/08 04:15:39.410, 13814, 97
2026/10/08 04:15:39.673, 13814, 97
2026/10/08 04:15:39.936, 13814, 98
2026/10/08 04:15:40.199, 13814, 98
2026/10/08 04:15:40.463, 13814, 97
2026/10/08 04:15:40.727, 13814, 97
2026/10/08 04:15:40.990, 13814, 98
2026/10/08 04:15:41.254, 13814, 98
2026/10/08 04:15:41.517, 13814, 98
2026/10/08 04:15:41.781, 13801, 98
2026/10/08 04:15:42.044, 13801, 98
2026/10/08 04:15:42.308, 13801, 98
2026/10/08 04:15:42.572, 13801, 98
2026/10/08 04:15:42.836, 13801, 98
2026/10/08 04:15:43.099, 13801, 98
2026/10/08 04:15:43.363, 13801, 98
2026/10/08 04:15:43.627, 13801, 98
2026/10/08 04:15:43.891, 13801, 97
2026/10/08 04:15:44.155, 13801, 97
2026/10/08 04:15:44.419, 13801, 97
2026/10/08 04:15:44.683, 13800, 97
2026/10/08 04:15:44.947, 13800, 97
2026/10/08 04:15:45.211, 13800, 97
2026/10/08 04:15:45.474, 13800, 97
2026/10/08 04:15:45.738, 13798, 97
2026/10/08 04:15:46.002, 13798, 97
2026/10/08 04:15:46.266, 13815, 97
2026/10/08 04:15:46.529, 13815, 98
2026/10/08 04:15:46.793, 13832, 98
2026/10/08 04:15:47.058, 13832, 97
2026/10/08 04:15:47.322, 13833, 97
2026/10/08 04:15:47.587, 13835, 97
2026/10/08 04:15:47.851, 13835, 98
2026/10/08 04:15:48.115, 13835, 98
2026/10/08 04:15:48.379, 13836, 97
2026/10/08 04:15:48.644, 13836, 97
2026/10/08 04:15:48.907, 13836, 98
2026/10/08 04:15:49.172, 13836, 98
2026/10/08 04:15:49.422, 13836, 97
2026/10/08 04:15:49.686, 13836, 97
2026/10/08 04:15:49.949, 13832, 97
2026/10/08 04:15:50.213, 13832, 97
2026/10/08 04:15:50.477, 13832, 98
2026/10/08 04:15:50.741, 13832, 98
2026/10/08 04:15:51.006, 13832, 95
2026/10/08 04:15:51.270, 13832, 95
2026/10/08 04:15:51.533, 13832, 45
2026/10/08 04:15:51.796, 13814, 45
2026/10/08 04:15:52.060, 13814, 78
2026/10/08 04:15:52.324, 13814, 78
2026/10/08 04:15:52.588, 13810, 97
2026/10/08 04:15:52.852, 13805, 97
2026/10/08 04:15:53.116, 13805, 97
2026/10/08 04:15:53.380, 13805, 97
2026/10/08 04:15:53.643, 13805, 97
2026/10/08 04:15:53.906, 13805, 97
2026/10/08 04:15:54.169, 13805, 97
2026/10/08 04:15:54.433, 13805, 97
2026/10/08 04:15:54.696, 13806, 97
2026/10/08 04:15:54.960, 13806, 97
2026/10/08 04:15:55.224, 13806, 97
2026/10/08 04:15:55.487, 13806, 97
2026/10/08 04:15:55.751, 13806, 97
2026/10/08 04:15:56.014, 13806, 97
2026/10/08 04:15:56.279, 13806, 97
2026/10/08 04:15:56.543, 13806, 97
2026/10/08 04:15:56.807, 13801, 97
2026/10/08 04:15:57.071, 13801, 98
2026/10/08 04:15:57.335, 13801, 98
2026/10/08 04:15:57.601, 13801, 98
2026/10/08 04:15:57.865, 13797, 98
2026/10/08 04:15:58.128, 13797, 98
2026/10/08 04:15:58.393, 13797, 97
2026/10/08 04:15:58.658, 13797, 97
2026/10/08 04:15:58.921, 13797, 98
2026/10/08 04:15:59.184, 13797, 98
2026/10/08 04:15:59.448, 13797, 98
2026/10/08 04:15:59.711, 13797, 98
2026/10/08 04:15:59.975, 13797, 98
2026/10/08 04:16:00.239, 13797, 98
2026/10/08 04:16:00.502, 13797, 98
2026/10/08 04:16:00.766, 13797, 98
2026/10/08 04:16:01.030, 13797, 97
2026/10/08 04:16:01.294, 13797, 97
2026/10/08 04:16:01.556, 13797, 97
2026/10/08 04:16:01.820, 13797, 97
2026/10/08 04:16:02.084, 13797, 96
2026/10/08 04:16:02.347, 13797, 96
2026/10/08 04:16:02.610, 13797, 96
2026/10/08 04:16:02.874, 13797, 97
2026/10/08 04:16:03.138, 13797, 97
2026/10/08 04:16:03.401, 13797, 94
2026/10/08 04:16:03.665, 13797, 94
2026/10/08 04:16:03.928, 13799, 96
2026/10/08 04:16:04.192, 13808, 96
2026/10/08 04:16:04.455, 13808, 97
2026/10/08 04:16:04.720, 13808, 97
2026/10/08 04:16:04.983, 13808, 96
2026/10/08 04:16:05.247, 13808, 96
2026/10/08 04:16:05.513, 13808, 66
2026/10/08 04:16:05.775, 13808, 66
2026/10/08 04:16:06.042, 13808, 95
2026/10/08 04:16:06.304, 13808, 95
2026/10/08 04:16:06.570, 13808, 95
2026/10/08 04:16:06.838, 13808, 95
2026/10/08 04:16:07.098, 13808, 96
2026/10/08 04:16:07.361, 13808, 97
2026/10/08 04:16:07.626, 13808, 97
2026/10/08 04:16:07.889, 13803, 97
2026/10/08 04:16:08.153, 13803, 97
2026/10/08 04:16:08.416, 13803, 98
2026/10/08 04:16:08.680, 13803, 98
2026/10/08 04:16:08.944, 13803, 97
2026/10/08 04:16:09.207, 13801, 97
2026/10/08 04:16:09.471, 13801, 97
2026/10/08 04:16:09.735, 13801, 97
2026/10/08 04:16:09.998, 13801, 97
2026/10/08 04:16:10.262, 13801, 97
2026/10/08 04:16:10.526, 13801, 98
2026/10/08 04:16:10.789, 13801, 98
2026/10/08 04:16:11.053, 13796, 97
2026/10/08 04:16:11.317, 13796, 97
2026/10/08 04:16:11.580, 13796, 98
2026/10/08 04:16:11.845, 13801, 98
2026/10/08 04:16:12.109, 13801, 98
2026/10/08 04:16:12.373, 13801, 98
2026/10/08 04:16:12.637, 13801, 98
2026/10/08 04:16:12.902, 13801, 98
2026/10/08 04:16:13.165, 13801, 98
2026/10/08 04:16:13.428, 13801, 98
2026/10/08 04:16:13.692, 13801, 98
2026/10/08 04:16:13.956, 13801, 97
2026/10/08 04:16:14.220, 13801, 97
2026/10/08 04:16:14.484, 13801, 98
2026/10/08 04:16:14.748, 13801, 98
2026/10/08 04:16:15.013, 13797, 98
2026/10/08 04:16:15.276, 13797, 98
2026/10/08 04:16:15.540, 2393, 97
2026/10/08 04:16:15.803, 2393, 97
2026/10/08 04:16:16.067, 2403, 1
2026/10/08 04:16:16.331, 2393, 1
2026/10/08 04:16:16.594, 2403, 1
2026/10/08 04:16:16.858, 2415, 1
2026/10/08 04:16:17.121, 2601, 1
2026/10/08 04:16:17.385, 11025, 96
2026/10/08 04:16:17.649, 11041, 96
2026/10/08 04:16:17.912, 11042, 30
2026/10/08 04:16:18.176, 11062, 30
2026/10/08 04:16:18.439, 11062, 32
2026/10/08 04:16:18.702, 13800, 32
2026/10/08 04:16:18.967, 13808, 48
2026/10/08 04:16:19.231, 13834, 48
2026/10/08 04:16:19.496, 13834, 99
2026/10/08 04:16:19.760, 13834, 99
2026/10/08 04:16:20.023, 13819, 100
2026/10/08 04:16:20.287, 13819, 100
2026/10/08 04:16:20.551, 13819, 72
2026/10/08 04:16:20.815, 13816, 72
2026/10/08 04:16:21.080, 13811, 98
2026/10/08 04:16:21.342, 13811, 98
2026/10/08 04:16:21.607, 13811, 97
2026/10/08 04:16:21.871, 13811, 98
2026/10/08 04:16:22.134, 13811, 98
2026/10/08 04:16:22.398, 13823, 98
2026/10/08 04:16:22.661, 13823, 98
2026/10/08 04:16:22.924, 13823, 98
2026/10/08 04:16:23.187, 13804, 98
2026/10/08 04:16:23.450, 13804, 97
2026/10/08 04:16:23.715, 13803, 97
2026/10/08 04:16:23.979, 13803, 98
2026/10/08 04:16:24.242, 13803, 98
2026/10/08 04:16:24.506, 13790, 98
2026/10/08 04:16:24.770, 13790, 98
2026/10/08 04:16:25.034, 13790, 97
2026/10/08 04:16:25.298, 13790, 97
2026/10/08 04:16:25.562, 13790, 97
2026/10/08 04:16:25.825, 13790, 97
2026/10/08 04:16:26.089, 13790, 97
2026/10/08 04:16:26.353, 13790, 97
2026/10/08 04:16:26.617, 13790, 97
2026/10/08 04:16:26.881, 13790, 97
2026/10/08 04:16:27.144, 13790, 97
2026/10/08 04:16:27.407, 13790, 98
2026/10/08 04:16:27.671, 13790, 98
2026/10/08 04:16:27.934, 13790, 98
2026/10/08 04:16:28.198, 13790, 98
2026/10/08 04:16:28.461, 13790, 98
2026/10/08 04:16:28.726, 13790, 98
2026/10/08 04:16:28.989, 2396, 98
2026/10/08 04:16:29.252, 2387, 98
2026/10/08 04:16:29.516, 2387, 0
2026/10/08 04:16:29.781, 2387, 0
2026/10/08 04:16:30.044, 2387, 0
2026/10/08 04:16:30.307, 2387, 0
2026/10/08 04:16:30.571, 2594, 0
2026/10/08 04:16:30.834, 7970, 0
2026/10/08 04:16:31.097, 11018, 88
2026/10/08 04:16:31.361, 11018, 32
2026/10/08 04:16:31.626, 11018, 32
2026/10/08 04:16:31.890, 11018, 33
2026/10/08 04:16:32.154, 13756, 33
2026/10/08 04:16:32.417, 13790, 17
2026/10/08 04:16:32.681, 13790, 17
2026/10/08 04:16:32.945, 13790, 100
2026/10/08 04:16:33.209, 13790, 100
2026/10/08 04:16:33.474, 13790, 99
2026/10/08 04:16:33.737, 13790, 99
2026/10/08 04:16:34.000, 13790, 86
2026/10/08 04:16:34.264, 13790, 86
2026/10/08 04:16:34.528, 13790, 87
2026/10/08 04:16:34.792, 13790, 87
2026/10/08 04:16:35.056, 13790, 98
2026/10/08 04:16:35.319, 13790, 98
2026/10/08 04:16:35.584, 13790, 97
2026/10/08 04:16:35.848, 13790, 97
2026/10/08 04:16:36.112, 13790, 98
2026/10/08 04:16:36.376, 13790, 98
2026/10/08 04:16:36.639, 13790, 98
2026/10/08 04:16:36.903, 13790, 97
2026/10/08 04:16:37.166, 13790, 97
2026/10/08 04:16:37.430, 13790, 97
2026/10/08 04:16:37.693, 13790, 97
2026/10/08 04:16:37.957, 13790, 97
2026/10/08 04:16:38.220, 13790, 97
2026/10/08 04:16:38.485, 13790, 98
2026/10/08 04:16:38.748, 13790, 98
2026/10/08 04:16:39.012, 13790, 98
2026/10/08 04:16:39.276, 13790, 98
2026/10/08 04:16:39.539, 13790, 97
2026/10/08 04:16:39.803, 13790, 97
2026/10/08 04:16:40.068, 13790, 98
2026/10/08 04:16:40.332, 13790, 98
2026/10/08 04:16:40.595, 13790, 98
2026/10/08 04:16:40.858, 13790, 98
2026/10/08 04:16:41.123, 13790, 98
2026/10/08 04:16:41.387, 13790, 97
2026/10/08 04:16:41.651, 13790, 97
2026/10/08 04:16:41.914, 13790, 98
2026/10/08 04:16:42.178, 13790, 98
2026/10/08 04:16:42.441, 13790, 98
2026/10/08 04:16:42.704, 13790, 98
2026/10/08 04:16:42.967, 13790, 98
2026/10/08 04:16:43.231, 13790, 98
2026/10/08 04:16:43.495, 13790, 98
2026/10/08 04:16:43.758, 13790, 98
2026/10/08 04:16:44.023, 13790, 98
2026/10/08 04:16:44.287, 13790, 98
2026/10/08 04:16:44.552, 13790, 97
2026/10/08 04:16:44.816, 13790, 97
2026/10/08 04:16:45.079, 13790, 97
2026/10/08 04:16:45.343, 13790, 97
2026/10/08 04:16:45.606, 13790, 98
2026/10/08 04:16:45.870, 13790, 98
2026/10/08 04:16:46.133, 13790, 98
2026/10/08 04:16:46.396, 13790, 98
2026/10/08 04:16:46.660, 13790, 98
2026/10/08 04:16:46.923, 13790, 97
2026/10/08 04:16:47.187, 13790, 97
2026/10/08 04:16:47.451, 13790, 97
2026/10/08 04:16:47.715, 13790, 97
2026/10/08 04:16:47.978, 13790, 98
2026/10/08 04:16:48.242, 13790, 98
2026/10/08 04:16:48.505, 13790, 98
2026/10/08 04:16:48.768, 13790, 98
2026/10/08 04:16:49.032, 13790, 98
2026/10/08 04:16:49.295, 13790, 98
2026/10/08 04:16:49.559, 13790, 98
2026/10/08 04:16:49.822, 13790, 98
2026/10/08 04:16:50.086, 13790, 98
2026/10/08 04:16:50.351, 13790, 98
2026/10/08 04:16:50.615, 13790, 97
2026/10/08 04:16:50.878, 13790, 97
2026/10/08 04:16:51.142, 13790, 97
2026/10/08 04:16:51.406, 13790, 97
2026/10/08 04:16:51.670, 13790, 97
2026/10/08 04:16:51.933, 13790, 98
2026/10/08 04:16:52.197, 13790, 98
2026/10/08 04:16:52.461, 13790, 97
2026/10/08 04:16:52.723, 13790, 97
2026/10/08 04:16:52.987, 13790, 98
2026/10/08 04:16:53.251, 13790, 98
2026/10/08 04:16:53.515, 13790, 97
2026/10/08 04:16:53.778, 13790, 97
2026/10/08 04:16:54.042, 13790, 97
2026/10/08 04:16:54.307, 13790, 97
2026/10/08 04:16:54.570, 13790, 97
2026/10/08 04:16:54.833, 13790, 97
2026/10/08 04:16:55.097, 13790, 98
2026/10/08 04:16:55.361, 13790, 98
2026/10/08 04:16:55.627, 13790, 98
2026/10/08 04:16:55.891, 13790, 98
2026/10/08 04:16:56.154, 13790, 98
2026/10/08 04:16:56.418, 13790, 98
2026/10/08 04:16:56.682, 13790, 98
2026/10/08 04:16:56.946, 13790, 98
2026/10/08 04:16:57.209, 13790, 98
2026/10/08 04:16:57.473, 13790, 98
2026/10/08 04:16:57.737, 13790, 98
2026/10/08 04:16:58.000, 13790, 97
2026/10/08 04:16:58.265, 13790, 97
2026/10/08 04:16:58.530, 13790, 97
2026/10/08 04:16:58.794, 13790, 97
2026/10/08 04:16:59.059, 13790, 97
2026/10/08 04:16:59.324, 13790, 97
2026/10/08 04:16:59.588, 13790, 97
2026/10/08 04:16:59.852, 13790, 97
2026/10/08 04:17:00.116, 13790, 97
2026/10/08 04:17:00.378, 13790, 98
2026/10/08 04:17:00.642, 13790, 98
2026/10/08 04:17:00.906, 13790, 97
2026/10/08 04:17:01.169, 13790, 97
2026/10/08 04:17:01.433, 13790, 97
2026/10/08 04:17:01.697, 13790, 97
2026/10/08 04:17:01.960, 13790, 97
2026/10/08 04:17:02.224, 13790, 97
2026/10/08 04:17:02.488, 13790, 98
2026/10/08 04:17:02.752, 13790, 98
2026/10/08 04:17:03.015, 13790, 98
2026/10/08 04:17:03.279, 13790, 98
2026/10/08 04:17:03.543, 13790, 98
2026/10/08 04:17:03.807, 13790, 98
2026/10/08 04:17:04.071, 13790, 98
2026/10/08 04:17:04.335, 13790, 98
2026/10/08 04:17:04.598, 13790, 98
2026/10/08 04:17:04.862, 13790, 98
2026/10/08 04:17:05.125, 13790, 98
2026/10/08 04:17:05.390, 13790, 98
2026/10/08 04:17:05.654, 13790, 98
2026/10/08 04:17:05.918, 13790, 97
2026/10/08 04:17:06.183, 13790, 97
2026/10/08 04:17:06.446, 13790, 98
2026/10/08 04:17:06.710, 13790, 98
2026/10/08 04:17:06.974, 13790, 97
2026/10/08 04:17:07.237, 13790, 97
2026/10/08 04:17:07.500, 13790, 84
2026/10/08 04:17:07.764, 13790, 84
2026/10/08 04:17:08.029, 13790, 96
2026/10/08 04:17:08.293, 13790, 96
2026/10/08 04:17:08.558, 13790, 97
2026/10/08 04:17:08.822, 13790, 97
2026/10/08 04:17:09.085, 13790, 98
2026/10/08 04:17:09.349, 13790, 98
2026/10/08 04:17:09.613, 13790, 98
2026/10/08 04:17:09.876, 13790, 97
2026/10/08 04:17:10.140, 13790, 97
2026/10/08 04:17:10.404, 13790, 98
2026/10/08 04:17:10.669, 13790, 98
2026/10/08 04:17:10.932, 13790, 97
2026/10/08 04:17:11.196, 13790, 97
2026/10/08 04:17:11.460, 13790, 97
2026/10/08 04:17:11.724, 13790, 97
2026/10/08 04:17:11.988, 13790, 98
2026/10/08 04:17:12.251, 13790, 98
2026/10/08 04:17:12.516, 13790, 98
2026/10/08 04:17:12.780, 13790, 98
2026/10/08 04:17:13.043, 13790, 98
2026/10/08 04:17:13.308, 13790, 98
2026/10/08 04:17:13.571, 13790, 98
2026/10/08 04:17:13.834, 13790, 98
2026/10/08 04:17:14.098, 13790, 97
2026/10/08 04:17:14.363, 13790, 98
2026/10/08 04:17:14.627, 13790, 98
2026/10/08 04:17:14.891, 13790, 97
2026/10/08 04:17:15.154, 13790, 97
2026/10/08 04:17:15.419, 13790, 98
2026/10/08 04:17:15.683, 13790, 98
2026/10/08 04:17:15.946, 13790, 98
2026/10/08 04:17:16.210, 13790, 98
2026/10/08 04:17:16.473, 13790, 97
2026/10/08 04:17:16.736, 13790, 97
2026/10/08 04:17:17.000, 13790, 97
2026/10/08 04:17:17.263, 13790, 97
2026/10/08 04:17:17.528, 13790, 97
2026/10/08 04:17:17.792, 13790, 97
2026/10/08 04:17:18.056, 13795, 97
2026/10/08 04:17:18.321, 13795, 97
2026/10/08 04:17:18.586, 13795, 97
2026/10/08 04:17:18.850, 14036, 97
2026/10/08 04:17:19.113, 14036, 98
2026/10/08 04:17:19.376, 14036, 98
2026/10/08 04:17:19.640, 14036, 98
2026/10/08 04:17:19.903, 14041, 98
2026/10/08 04:17:20.167, 14035, 98
2026/10/08 04:17:20.430, 14035, 98
2026/10/08 04:17:20.694, 14034, 98
2026/10/08 04:17:20.958, 14029, 98
2026/10/08 04:17:21.221, 14029, 98
2026/10/08 04:17:21.485, 14029, 98
2026/10/08 04:17:21.749, 14029, 98
2026/10/08 04:17:22.012, 14024, 97
2026/10/08 04:17:22.276, 14024, 97
2026/10/08 04:17:22.540, 14024, 97
2026/10/08 04:17:22.804, 2621, 97
2026/10/08 04:17:23.067, 2621, 1
2026/10/08 04:17:23.331, 2621, 1
2026/10/08 04:17:23.595, 2621, 1
2026/10/08 04:17:23.858, 2460, 7
2026/10/08 04:17:24.122, 2471, 7
2026/10/08 04:17:24.387, 2679, 5
2026/10/08 04:17:24.651, 2679, 5
2026/10/08 04:17:24.915, 11100, 96
2026/10/08 04:17:25.181, 11100, 96
2026/10/08 04:17:25.444, 11100, 38
2026/10/08 04:17:25.708, 11100, 38
2026/10/08 04:17:25.973, 11099, 32
2026/10/08 04:17:26.238, 13841, 32
2026/10/08 04:17:26.502, 13867, 39
2026/10/08 04:17:26.765, 13867, 39
2026/10/08 04:17:27.029, 13863, 99
2026/10/08 04:17:27.293, 13863, 99
2026/10/08 04:17:27.557, 13863, 99
2026/10/08 04:17:27.822, 13863, 99
2026/10/08 04:17:28.087, 13863, 57
2026/10/08 04:17:28.351, 13863, 57
2026/10/08 04:17:28.615, 13863, 93
2026/10/08 04:17:28.878, 13863, 96
2026/10/08 04:17:29.143, 13863, 96
2026/10/08 04:17:29.405, 13863, 96
2026/10/08 04:17:29.670, 13863, 96
2026/10/08 04:17:29.933, 13852, 96
2026/10/08 04:17:30.196, 13847, 96
2026/10/08 04:17:30.460, 13847, 96
2026/10/08 04:17:30.724, 13847, 96
2026/10/08 04:17:30.988, 13847, 97
2026/10/08 04:17:31.251, 13875, 97
2026/10/08 04:17:31.517, 13875, 97
2026/10/08 04:17:31.781, 13875, 97
2026/10/08 04:17:32.044, 13875, 97
2026/10/08 04:17:32.309, 13875, 97
2026/10/08 04:17:32.572, 13875, 95
2026/10/08 04:17:32.836, 13875, 95
2026/10/08 04:17:33.099, 13870, 98
2026/10/08 04:17:33.362, 13870, 98
2026/10/08 04:17:33.627, 13870, 98
2026/10/08 04:17:33.890, 13870, 97
2026/10/08 04:17:34.154, 13870, 97
2026/10/08 04:17:34.418, 13870, 98
2026/10/08 04:17:34.683, 13870, 98
2026/10/08 04:17:34.947, 13870, 98
2026/10/08 04:17:35.210, 13870, 98
2026/10/08 04:17:35.474, 13870, 97
2026/10/08 04:17:35.738, 13870, 97
2026/10/08 04:17:36.003, 13870, 97
2026/10/08 04:17:36.267, 13845, 97
2026/10/08 04:17:36.531, 13845, 98
2026/10/08 04:17:36.795, 13845, 98
2026/10/08 04:17:37.059, 13845, 96
2026/10/08 04:17:37.323, 13845, 96
2026/10/08 04:17:37.586, 13857, 97
2026/10/08 04:17:37.849, 13857, 97
2026/10/08 04:17:38.113, 13857, 97
2026/10/08 04:17:38.377, 13857, 97
2026/10/08 04:17:38.642, 13857, 97
2026/10/08 04:17:38.906, 13857, 98
2026/10/08 04:17:39.169, 13857, 98
2026/10/08 04:17:39.433, 13857, 97
2026/10/08 04:17:39.697, 13849, 97
2026/10/08 04:17:39.960, 13849, 96
2026/10/08 04:17:40.223, 13849, 96
2026/10/08 04:17:40.486, 13849, 97
2026/10/08 04:17:40.751, 13849, 97
2026/10/08 04:17:41.015, 13849, 97
2026/10/08 04:17:41.279, 13849, 97
2026/10/08 04:17:41.542, 13849, 95
2026/10/08 04:17:41.807, 13849, 95
2026/10/08 04:17:42.071, 13849, 97
2026/10/08 04:17:42.336, 13849, 97
2026/10/08 04:17:42.600, 13849, 97
2026/10/08 04:17:42.864, 13849, 97
2026/10/08 04:17:43.128, 13849, 97
2026/10/08 04:17:43.392, 13845, 98
2026/10/08 04:17:43.656, 13845, 98
2026/10/08 04:17:43.920, 13845, 98
2026/10/08 04:17:44.184, 13845, 98
2026/10/08 04:17:44.447, 13845, 98
2026/10/08 04:17:44.712, 13845, 98
2026/10/08 04:17:44.976, 13845, 97
2026/10/08 04:17:45.241, 13845, 97
2026/10/08 04:17:45.504, 13845, 97
2026/10/08 04:17:45.768, 13845, 97
2026/10/08 04:17:46.031, 13845, 97
2026/10/08 04:17:46.295, 13845, 97
2026/10/08 04:17:46.558, 13845, 98
2026/10/08 04:17:46.822, 13845, 98
2026/10/08 04:17:47.086, 13845, 97
2026/10/08 04:17:47.350, 13845, 97
2026/10/08 04:17:47.614, 13845, 98
2026/10/08 04:17:47.878, 13845, 97
2026/10/08 04:17:48.142, 2454, 97
2026/10/08 04:17:48.406, 2454, 0
2026/10/08 04:17:48.669, 2463, 0
2026/10/08 04:17:48.933, 2454, 1
2026/10/08 04:17:49.196, 2661, 1
2026/10/08 04:17:49.460, 2661, 1
2026/10/08 04:17:49.725, 2661, 1
2026/10/08 04:17:49.988, 11085, 43
2026/10/08 04:17:50.252, 11075, 43
2026/10/08 04:17:50.516, 11075, 33
2026/10/08 04:17:50.781, 11075, 33
2026/10/08 04:17:51.045, 11075, 36
2026/10/08 04:17:51.309, 13821, 36
2026/10/08 04:17:51.572, 13847, 24
2026/10/08 04:17:51.835, 13847, 24
2026/10/08 04:17:52.099, 13847, 99
2026/10/08 04:17:52.362, 13847, 100
2026/10/08 04:17:52.626, 13847, 100
2026/10/08 04:17:52.889, 13847, 87
2026/10/08 04:17:53.152, 13842, 87
2026/10/08 04:17:53.416, 13842, 98
2026/10/08 04:17:53.679, 13842, 98
2026/10/08 04:17:53.943, 13842, 98
2026/10/08 04:17:54.205, 13842, 98
2026/10/08 04:17:54.469, 13842, 98
2026/10/08 04:17:54.734, 13842, 98
2026/10/08 04:17:54.998, 13842, 98
2026/10/08 04:17:55.262, 13842, 98
2026/10/08 04:17:55.526, 13842, 97
2026/10/08 04:17:55.790, 13842, 97
2026/10/08 04:17:56.055, 13842, 97
2026/10/08 04:17:56.319, 13842, 97
2026/10/08 04:17:56.582, 13855, 98
2026/10/08 04:17:56.846, 13855, 98
2026/10/08 04:17:57.111, 13855, 98
2026/10/08 04:17:57.375, 13855, 97
2026/10/08 04:17:57.640, 13846, 97
2026/10/08 04:17:57.904, 13846, 98
2026/10/08 04:17:58.168, 13846, 98
2026/10/08 04:17:58.433, 13846, 98
2026/10/08 04:17:58.696, 13846, 98
2026/10/08 04:17:58.960, 13846, 98
2026/10/08 04:17:59.224, 13850, 98
2026/10/08 04:17:59.488, 13852, 97
2026/10/08 04:17:59.751, 13868, 97
2026/10/08 04:18:00.015, 13915, 98
2026/10/08 04:18:00.279, 13915, 98
2026/10/08 04:18:00.542, 13915, 97
2026/10/08 04:18:00.806, 13915, 97
2026/10/08 04:18:01.069, 13915, 98
2026/10/08 04:18:01.332, 13915, 98
2026/10/08 04:18:01.596, 13915, 98
2026/10/08 04:18:01.860, 2511, 2
2026/10/08 04:18:02.124, 2717, 2
2026/10/08 04:18:02.388, 2507, 1
2026/10/08 04:18:02.652, 2512, 1
2026/10/08 04:18:02.917, 2520, 1
2026/10/08 04:18:03.180, 2710, 1
2026/10/08 04:18:03.444, 2710, 0
2026/10/08 04:18:03.707, 10710, 0
2026/10/08 04:18:03.971, 11134, 45
2026/10/08 04:18:04.235, 11134, 45
2026/10/08 04:18:04.500, 11134, 35
2026/10/08 04:18:04.764, 11150, 35
2026/10/08 04:18:05.029, 13889, 30
2026/10/08 04:18:05.293, 13897, 30
2026/10/08 04:18:05.557, 13921, 1
2026/10/08 04:18:05.821, 13921, 1
2026/10/08 04:18:06.084, 13921, 100
2026/10/08 04:18:06.347, 13910, 100
2026/10/08 04:18:06.611, 13910, 100
2026/10/08 04:18:06.875, 13910, 98
2026/10/08 04:18:07.139, 13871, 98
2026/10/08 04:18:07.403, 13877, 98
2026/10/08 04:18:07.667, 13878, 98
2026/10/08 04:18:07.930, 13879, 97
2026/10/08 04:18:08.194, 13878, 97
2026/10/08 04:18:08.457, 13878, 98
2026/10/08 04:18:08.721, 13877, 98
2026/10/08 04:18:08.986, 13877, 97
2026/10/08 04:18:09.249, 13864, 97
2026/10/08 04:18:09.514, 13864, 97
2026/10/08 04:18:09.777, 13860, 97
2026/10/08 04:18:10.041, 13860, 97
2026/10/08 04:18:10.304, 13848, 97
2026/10/08 04:18:10.569, 13836, 97
2026/10/08 04:18:10.833, 13836, 97
2026/10/08 04:18:11.097, 13836, 97
2026/10/08 04:18:11.361, 13836, 98
2026/10/08 04:18:11.625, 13836, 98
2026/10/08 04:18:11.889, 13836, 98
2026/10/08 04:18:12.153, 13836, 98
2026/10/08 04:18:12.416, 13824, 98
2026/10/08 04:18:12.680, 13842, 98
2026/10/08 04:18:12.943, 13840, 98
2026/10/08 04:18:13.207, 13840, 98
2026/10/08 04:18:13.471, 13840, 97
2026/10/08 04:18:13.734, 13840, 97
2026/10/08 04:18:13.998, 13840, 97
2026/10/08 04:18:14.262, 13840, 97
2026/10/08 04:18:14.526, 13840, 98
2026/10/08 04:18:14.791, 13841, 98
2026/10/08 04:18:15.055, 13857, 97
2026/10/08 04:18:15.319, 13901, 97
2026/10/08 04:18:15.584, 13900, 97
2026/10/08 04:18:15.847, 13900, 97
2026/10/08 04:18:16.111, 13891, 97
2026/10/08 04:18:16.376, 13891, 97
2026/10/08 04:18:16.641, 13891, 97
2026/10/08 04:18:16.906, 13891, 98
2026/10/08 04:18:17.169, 13881, 98
2026/10/08 04:18:17.434, 13881, 97
2026/10/08 04:18:17.698, 13881, 97
2026/10/08 04:18:17.962, 13880, 98
2026/10/08 04:18:18.227, 13874, 98
2026/10/08 04:18:18.491, 13874, 97
2026/10/08 04:18:18.755, 13874, 97
2026/10/08 04:18:19.019, 13874, 96
2026/10/08 04:18:19.284, 13874, 96
2026/10/08 04:18:19.549, 13874, 97
2026/10/08 04:18:19.813, 13870, 97
2026/10/08 04:18:20.078, 13857, 97
2026/10/08 04:18:20.341, 13857, 97
2026/10/08 04:18:20.605, 13857, 98
2026/10/08 04:18:20.870, 13857, 97
2026/10/08 04:18:21.135, 13858, 97
2026/10/08 04:18:21.399, 13855, 97
2026/10/08 04:18:21.663, 13855, 97
2026/10/08 04:18:21.928, 13865, 97
2026/10/08 04:18:22.193, 13891, 97
2026/10/08 04:18:22.458, 13897, 98
2026/10/08 04:18:22.721, 13897, 98
2026/10/08 04:18:22.985, 13897, 97
2026/10/08 04:18:23.250, 13894, 97
2026/10/08 04:18:23.514, 13894, 97
2026/10/08 04:18:23.779, 13898, 97
2026/10/08 04:18:24.042, 13903, 98
2026/10/08 04:18:24.307, 13904, 98
2026/10/08 04:18:24.572, 13904, 97
2026/10/08 04:18:24.835, 13904, 97
2026/10/08 04:18:25.099, 13904, 98
2026/10/08 04:18:25.364, 13891, 97
2026/10/08 04:18:25.629, 13891, 97
2026/10/08 04:18:25.893, 13891, 97
2026/10/08 04:18:26.157, 13890, 97
2026/10/08 04:18:26.422, 13900, 98
2026/10/08 04:18:26.686, 13894, 98
2026/10/08 04:18:26.950, 13890, 97
2026/10/08 04:18:27.214, 13880, 97
2026/10/08 04:18:27.480, 13888, 98
2026/10/08 04:18:27.743, 13888, 98
2026/10/08 04:18:28.007, 13888, 97
2026/10/08 04:18:28.272, 13888, 97
2026/10/08 04:18:28.537, 13888, 97
2026/10/08 04:18:28.802, 13885, 97
2026/10/08 04:18:29.066, 13872, 97
2026/10/08 04:18:29.330, 13858, 97
2026/10/08 04:18:29.594, 13858, 98
2026/10/08 04:18:29.858, 13858, 98
2026/10/08 04:18:30.122, 13851, 97
2026/10/08 04:18:30.387, 13851, 97
2026/10/08 04:18:30.651, 13851, 97
2026/10/08 04:18:30.916, 13851, 98
2026/10/08 04:18:31.180, 13851, 98
2026/10/08 04:18:31.444, 13840, 97
2026/10/08 04:18:31.708, 13840, 97
2026/10/08 04:18:31.972, 13840, 45
2026/10/08 04:18:32.237, 13832, 45
2026/10/08 04:18:32.501, 13832, 97
2026/10/08 04:18:32.765, 13832, 97
2026/10/08 04:18:33.031, 13832, 97
2026/10/08 04:18:33.295, 13832, 97
2026/10/08 04:18:33.560, 13832, 97
2026/10/08 04:18:33.825, 13832, 97
2026/10/08 04:18:34.088, 13858, 98
2026/10/08 04:18:34.352, 13858, 98
2026/10/08 04:18:34.617, 13858, 98
2026/10/08 04:18:34.882, 13858, 98
2026/10/08 04:18:35.132, 13858, 98
2026/10/08 04:18:35.396, 13856, 97
2026/10/08 04:18:35.661, 13856, 97
2026/10/08 04:18:35.925, 13856, 98
2026/10/08 04:18:36.189, 13856, 98
2026/10/08 04:18:36.453, 13856, 98
2026/10/08 04:18:36.717, 13856, 98
2026/10/08 04:18:36.981, 13856, 98
2026/10/08 04:18:37.246, 13850, 98
2026/10/08 04:18:37.511, 13850, 98
2026/10/08 04:18:37.775, 13850, 98
2026/10/08 04:18:38.040, 13855, 98
2026/10/08 04:18:38.304, 13855, 98
2026/10/08 04:18:38.568, 13855, 98
2026/10/08 04:18:38.833, 13855, 98
2026/10/08 04:18:39.097, 13825, 98
2026/10/08 04:18:39.363, 13825, 98
2026/10/08 04:18:39.627, 13825, 98
2026/10/08 04:18:39.892, 13825, 98
2026/10/08 04:18:40.156, 13825, 98
2026/10/08 04:18:40.421, 13821, 98
2026/10/08 04:18:40.684, 13821, 98
2026/10/08 04:18:40.948, 13821, 97
2026/10/08 04:18:41.213, 13821, 97
2026/10/08 04:18:41.477, 13821, 97
2026/10/08 04:18:41.741, 13821, 97
2026/10/08 04:18:42.004, 13821, 97
2026/10/08 04:18:42.269, 13821, 97
2026/10/08 04:18:42.534, 13821, 98
2026/10/08 04:18:42.797, 13821, 98
2026/10/08 04:18:43.062, 13821, 98
2026/10/08 04:18:43.327, 13821, 98
2026/10/08 04:18:43.578, 13821, 97
2026/10/08 04:18:43.842, 13821, 97
2026/10/08 04:18:44.106, 13821, 97
2026/10/08 04:18:44.370, 13821, 98
2026/10/08 04:18:44.634, 13821, 98
2026/10/08 04:18:44.898, 13821, 97
2026/10/08 04:18:45.162, 13821, 97
2026/10/08 04:18:45.427, 2417, 73
2026/10/08 04:18:45.690, 2417, 73
2026/10/08 04:18:45.954, 2417, 6
2026/10/08 04:18:46.218, 2417, 6
2026/10/08 04:18:46.483, 2417, 5
2026/10/08 04:18:46.747, 2417, 5
2026/10/08 04:18:47.010, 2417, 4
2026/10/08 04:18:47.273, 2417, 4
2026/10/08 04:18:47.537, 2417, 6
2026/10/08 04:18:47.800, 2417, 6
2026/10/08 04:18:48.064, 2417, 4
2026/10/08 04:18:48.328, 2417, 4
2026/10/08 04:18:48.591, 2417, 6
2026/10/08 04:18:48.855, 2417, 6
2026/10/08 04:18:49.118, 2417, 5
2026/10/08 04:18:49.382, 2417, 6
2026/10/08 04:18:49.646, 2417, 6
2026/10/08 04:18:49.910, 2417, 5
2026/10/08 04:18:50.172, 2417, 5
2026/10/08 04:18:50.437, 2415, 5
2026/10/08 04:18:50.700, 2415, 5
2026/10/08 04:18:50.964, 2415, 6
2026/10/08 04:18:51.230, 2415, 6
2026/10/08 04:18:51.494, 2415, 5
2026/10/08 04:18:51.759, 2415, 5
2026/10/08 04:18:52.023, 2415, 6
2026/10/08 04:18:52.288, 2415, 6
2026/10/08 04:18:52.552, 2447, 5
2026/10/08 04:18:52.816, 4847, 5
2026/10/08 04:18:53.081, 6191, 55
2026/10/08 04:18:53.345, 6295, 55
2026/10/08 04:18:53.610, 6391, 25
2026/10/08 04:18:53.875, 6519, 66
2026/10/08 04:18:54.139, 6519, 66
2026/10/08 04:18:54.404, 6519, 75
2026/10/08 04:18:54.669, 6519, 75
2026/10/08 04:18:54.933, 6519, 70
2026/10/08 04:18:55.198, 6327, 70
2026/10/08 04:18:55.462, 6519, 92
2026/10/08 04:18:55.726, 6519, 92
2026/10/08 04:18:55.991, 6519, 66
2026/10/08 04:18:56.256, 6519, 66
2026/10/08 04:18:56.521, 6519, 76
2026/10/08 04:18:56.784, 6519, 76
2026/10/08 04:18:57.049, 6519, 70
2026/10/08 04:18:57.314, 6519, 70
2026/10/08 04:18:57.580, 6519, 59
2026/10/08 04:18:57.845, 6519, 59
2026/10/08 04:18:58.109, 6519, 68
2026/10/08 04:18:58.373, 6519, 89
2026/10/08 04:18:58.638, 6519, 89
2026/10/08 04:18:58.902, 6391, 63
2026/10/08 04:18:59.167, 6327, 63
2026/10/08 04:18:59.431, 6391, 67
2026/10/08 04:18:59.696, 6395, 67
2026/10/08 04:18:59.960, 5787, 82
2026/10/08 04:19:00.226, 2427, 82
2026/10/08 04:19:00.491, 2427, 5
2026/10/08 04:19:00.754, 2427, 5
2026/10/08 04:19:01.019, 2427, 5
2026/10/08 04:19:01.285, 2427, 5
2026/10/08 04:19:01.549, 2427, 5
2026/10/08 04:19:01.813, 2427, 5
2026/10/08 04:19:02.078, 2427, 5
2026/10/08 04:19:02.343, 2427, 5
2026/10/08 04:19:02.593, 2427, 5
2026/10/08 04:19:02.859, 2423, 5
2026/10/08 04:19:03.123, 2423, 5
2026/10/08 04:19:03.388, 2423, 5
2026/10/08 04:19:03.652, 2423, 5
2026/10/08 04:19:03.903, 2432, 5
2026/10/08 04:19:04.167, 4020, 5
2026/10/08 04:19:04.432, 5248, 51
2026/10/08 04:19:04.683, 5248, 51
2026/10/08 04:19:04.947, 5248, 5
2026/10/08 04:19:05.212, 5248, 5
2026/10/08 04:19:05.476, 5248, 5
2026/10/08 04:19:05.740, 5248, 5
2026/10/08 04:19:06.004, 5248, 5
2026/10/08 04:19:06.269, 5380, 5
2026/10/08 04:19:06.535, 6138, 16
2026/10/08 04:19:06.785, 6142, 16
2026/10/08 04:19:07.049, 6144, 43
2026/10/08 04:19:07.313, 6150, 43
2026/10/08 04:19:07.577, 6150, 17
2026/10/08 04:19:07.843, 6152, 17
2026/10/08 04:19:08.107, 6154, 38
2026/10/08 04:19:08.371, 6156, 41
2026/10/08 04:19:08.636, 6158, 41
2026/10/08 04:19:08.901, 6160, 41
2026/10/08 04:19:09.166, 6164, 41
2026/10/08 04:19:09.416, 6160, 41
2026/10/08 04:19:09.681, 6162, 41
2026/10/08 04:19:09.931, 6164, 40
2026/10/08 04:19:10.197, 6164, 40
2026/10/08 04:19:10.447, 6164, 18
2026/10/08 04:19:10.711, 6170, 18
2026/10/08 04:19:10.962, 6170, 19
2026/10/08 04:19:11.227, 6170, 19
2026/10/08 04:19:11.478, 6170, 39
2026/10/08 04:19:11.743, 6174, 39
2026/10/08 04:19:12.007, 6174, 19
2026/10/08 04:19:12.273, 6174, 19
2026/10/08 04:19:12.536, 6183, 37
2026/10/08 04:19:12.802, 6183, 37
2026/10/08 04:19:13.067, 6186, 41
2026/10/08 04:19:13.333, 6186, 41
2026/10/08 04:19:13.598, 6186, 27
2026/10/08 04:19:13.863, 6181, 27
2026/10/08 04:19:14.127, 6181, 44
2026/10/08 04:19:14.392, 6210, 44
2026/10/08 04:19:14.657, 6210, 44
2026/10/08 04:19:14.907, 6210, 18
2026/10/08 04:19:15.172, 6210, 18
2026/10/08 04:19:15.437, 6210, 43
2026/10/08 04:19:15.703, 6210, 43
2026/10/08 04:19:15.967, 6210, 18
2026/10/08 04:19:16.232, 6210, 18
2026/10/08 04:19:16.496, 6210, 43
2026/10/08 04:19:16.760, 6210, 43
2026/10/08 04:19:17.025, 6210, 18
2026/10/08 04:19:17.290, 6206, 18
2026/10/08 04:19:17.554, 6206, 44
2026/10/08 04:19:17.819, 6206, 44
2026/10/08 04:19:18.085, 6206, 42
2026/10/08 04:19:18.348, 6204, 42
2026/10/08 04:19:18.613, 6197, 5
2026/10/08 04:19:18.864, 2455, 5
2026/10/08 04:19:19.128, 2455, 5
2026/10/08 04:19:19.392, 2455, 5
2026/10/08 04:19:19.656, 2425, 5
2026/10/08 04:19:19.920, 2429, 6
2026/10/08 04:19:20.183, 2429, 6
2026/10/08 04:19:20.448, 2438, 6
2026/10/08 04:19:20.713, 2438, 6
2026/10/08 04:19:20.976, 2438, 5
2026/10/08 04:19:21.241, 2438, 5
2026/10/08 04:19:21.491, 2438, 5
2026/10/08 04:19:21.756, 2434, 5
2026/10/08 04:19:22.020, 2434, 5
2026/10/08 04:19:22.283, 2436, 5
2026/10/08 04:19:22.547, 2437, 6
2026/10/08 04:19:22.811, 2438, 6
2026/10/08 04:19:23.076, 2645, 5
2026/10/08 04:19:23.341, 7637, 5
2026/10/08 04:19:23.605, 11069, 27
2026/10/08 04:19:23.856, 11069, 27
2026/10/08 04:19:24.121, 11069, 37
2026/10/08 04:19:24.385, 11069, 36
2026/10/08 04:19:24.649, 13807, 36
2026/10/08 04:19:24.914, 13841, 44
2026/10/08 04:19:25.179, 13841, 44
2026/10/08 04:19:25.444, 13836, 99
2026/10/08 04:19:25.708, 13836, 99
2026/10/08 04:19:25.972, 13835, 100
2026/10/08 04:19:26.237, 13835, 100
2026/10/08 04:19:26.501, 13835, 71
2026/10/08 04:19:26.765, 13835, 71
2026/10/08 04:19:27.030, 13835, 97
2026/10/08 04:19:27.294, 13839, 97
2026/10/08 04:19:27.558, 13837, 98
2026/10/08 04:19:27.823, 13836, 98
2026/10/08 04:19:28.087, 13836, 97
2026/10/08 04:19:28.351, 13836, 97
2026/10/08 04:19:28.614, 13836, 85
2026/10/08 04:19:28.878, 13836, 98
2026/10/08 04:19:29.143, 13836, 98
2026/10/08 04:19:29.408, 13836, 97
2026/10/08 04:19:29.673, 13836, 97
2026/10/08 04:19:29.937, 13836, 97
2026/10/08 04:19:30.202, 13838, 97
2026/10/08 04:19:30.466, 13838, 98
2026/10/08 04:19:30.731, 13838, 98
2026/10/08 04:19:30.994, 13838, 97
2026/10/08 04:19:31.258, 13838, 97
2026/10/08 04:19:31.522, 13838, 97
2026/10/08 04:19:31.772, 13838, 97
2026/10/08 04:19:32.037, 13838, 97
2026/10/08 04:19:32.301, 13838, 97
2026/10/08 04:19:32.565, 13838, 97
2026/10/08 04:19:32.829, 13839, 97
2026/10/08 04:19:33.094, 13839, 97
2026/10/08 04:19:33.359, 13839, 97
2026/10/08 04:19:33.623, 13839, 98
2026/10/08 04:19:33.888, 13839, 98
2026/10/08 04:19:34.152, 13839, 98
2026/10/08 04:19:34.416, 13839, 98
2026/10/08 04:19:34.680, 13839, 98
2026/10/08 04:19:34.945, 13839, 97
2026/10/08 04:19:35.209, 13839, 97
2026/10/08 04:19:35.475, 13839, 98
2026/10/08 04:19:35.740, 13838, 98
2026/10/08 04:19:36.005, 13839, 98
2026/10/08 04:19:36.269, 13839, 98
2026/10/08 04:19:36.534, 13836, 82
2026/10/08 04:19:36.800, 13832, 82
2026/10/08 04:19:37.064, 13832, 97
2026/10/08 04:19:37.327, 13832, 97
2026/10/08 04:19:37.591, 13833, 97
2026/10/08 04:19:37.855, 13833, 97
2026/10/08 04:19:38.119, 13835, 97
2026/10/08 04:19:38.383, 13835, 97
2026/10/08 04:19:38.648, 13835, 97
2026/10/08 04:19:38.913, 13835, 98
2026/10/08 04:19:39.177, 13835, 98
2026/10/08 04:19:39.442, 13835, 97
2026/10/08 04:19:39.706, 13835, 97
2026/10/08 04:19:39.971, 13835, 97
2026/10/08 04:19:40.235, 13831, 97
2026/10/08 04:19:40.499, 13831, 97
2026/10/08 04:19:40.762, 13831, 97
2026/10/08 04:19:41.026, 13831, 98
2026/10/08 04:19:41.290, 13831, 98
2026/10/08 04:19:41.555, 13831, 98
2026/10/08 04:19:41.818, 13831, 98
2026/10/08 04:19:42.081, 13831, 97
2026/10/08 04:19:42.346, 13831, 97
2026/10/08 04:19:42.609, 13831, 98
2026/10/08 04:19:42.874, 13831, 98
2026/10/08 04:19:43.137, 13831, 98
2026/10/08 04:19:43.401, 13830, 97
2026/10/08 04:19:43.665, 13830, 97
2026/10/08 04:19:43.929, 13830, 98
2026/10/08 04:19:44.195, 13830, 98
2026/10/08 04:19:44.460, 13830, 98
2026/10/08 04:19:44.725, 13830, 98
2026/10/08 04:19:44.975, 13830, 97
2026/10/08 04:19:45.239, 13830, 97
2026/10/08 04:19:45.503, 13830, 98
2026/10/08 04:19:45.767, 13830, 98
2026/10/08 04:19:46.032, 13835, 99
2026/10/08 04:19:46.297, 13834, 99
2026/10/08 04:19:46.561, 13834, 98
2026/10/08 04:19:46.826, 13839, 98
2026/10/08 04:19:47.090, 13838, 98
2026/10/08 04:19:47.354, 13838, 98
2026/10/08 04:19:47.618, 13838, 98
2026/10/08 04:19:47.882, 13838, 98
2026/10/08 04:19:48.148, 13838, 98
2026/10/08 04:19:48.398, 13838, 98
2026/10/08 04:19:48.663, 13838, 98
2026/10/08 04:19:48.928, 13838, 98
2026/10/08 04:19:49.191, 13838, 98
2026/10/08 04:19:49.454, 13838, 98
2026/10/08 04:19:49.718, 13842, 98
2026/10/08 04:19:49.982, 13842, 98
2026/10/08 04:19:50.247, 13842, 98
2026/10/08 04:19:50.511, 13842, 98
2026/10/08 04:19:50.775, 13842, 98
2026/10/08 04:19:51.038, 13841, 96
2026/10/08 04:19:51.303, 13836, 96
2026/10/08 04:19:51.568, 13836, 97
2026/10/08 04:19:51.832, 13832, 97
2026/10/08 04:19:52.098, 13827, 96
2026/10/08 04:19:52.362, 13827, 96
2026/10/08 04:19:52.628, 13827, 97
2026/10/08 04:19:52.892, 13827, 96
2026/10/08 04:19:53.158, 13827, 96
2026/10/08 04:19:53.423, 13827, 96
2026/10/08 04:19:53.691, 13827, 96
2026/10/08 04:19:53.952, 13827, 97
2026/10/08 04:19:54.218, 13827, 97
2026/10/08 04:19:54.481, 13827, 96
2026/10/08 04:19:54.748, 13827, 96
2026/10/08 04:19:55.013, 13827, 6
2026/10/08 04:19:55.280, 13827, 6
2026/10/08 04:19:55.541, 13827, 94
2026/10/08 04:19:55.804, 13827, 94
2026/10/08 04:19:56.069, 13827, 98
2026/10/08 04:19:56.334, 13827, 98
2026/10/08 04:19:56.597, 13827, 98
2026/10/08 04:19:56.862, 13827, 98
2026/10/08 04:19:57.127, 13827, 98
2026/10/08 04:19:57.392, 13827, 98
2026/10/08 04:19:57.657, 13827, 98
2026/10/08 04:19:57.921, 13827, 98
2026/10/08 04:19:58.185, 13827, 98
2026/10/08 04:19:58.450, 13827, 98
2026/10/08 04:19:58.714, 13827, 98
2026/10/08 04:19:58.978, 13863, 98
2026/10/08 04:19:59.242, 13863, 98
2026/10/08 04:19:59.505, 13863, 97
2026/10/08 04:19:59.770, 13863, 97
2026/10/08 04:20:00.034, 13863, 98
2026/10/08 04:20:00.298, 13863, 98
2026/10/08 04:20:00.562, 13863, 97
2026/10/08 04:20:00.827, 13863, 97
2026/10/08 04:20:01.091, 13863, 97
2026/10/08 04:20:01.355, 13863, 97
2026/10/08 04:20:01.619, 13863, 97
2026/10/08 04:20:01.883, 13863, 97
2026/10/08 04:20:02.148, 13863, 97
2026/10/08 04:20:02.411, 13863, 98
2026/10/08 04:20:02.677, 13863, 98
2026/10/08 04:20:02.927, 13863, 98
2026/10/08 04:20:03.192, 13863, 98
2026/10/08 04:20:03.456, 13859, 98
2026/10/08 04:20:03.721, 13859, 98
2026/10/08 04:20:03.985, 13855, 97
2026/10/08 04:20:04.248, 13839, 97
2026/10/08 04:20:04.511, 13839, 98
2026/10/08 04:20:04.776, 13839, 98
2026/10/08 04:20:05.040, 13839, 98
2026/10/08 04:20:05.305, 13839, 98
2026/10/08 04:20:05.569, 13839, 98
2026/10/08 04:20:05.834, 13839, 98
2026/10/08 04:20:06.099, 13839, 98
2026/10/08 04:20:06.363, 13835, 98
2026/10/08 04:20:06.628, 13835, 96
2026/10/08 04:20:06.878, 13835, 98
2026/10/08 04:20:07.143, 13839, 98
2026/10/08 04:20:07.408, 13843, 98
2026/10/08 04:20:07.672, 13843, 98
2026/10/08 04:20:07.936, 13843, 98
2026/10/08 04:20:08.199, 13843, 98
2026/10/08 04:20:08.463, 13845, 98
2026/10/08 04:20:08.727, 13895, 98
2026/10/08 04:20:08.993, 13896, 97
2026/10/08 04:20:09.257, 13896, 97
2026/10/08 04:20:09.507, 13900, 97
2026/10/08 04:20:09.772, 13900, 97
2026/10/08 04:20:10.036, 13900, 98
2026/10/08 04:20:10.301, 13900, 98
2026/10/08 04:20:10.565, 13900, 97
2026/10/08 04:20:10.829, 13900, 97
2026/10/08 04:20:11.093, 13900, 98
2026/10/08 04:20:11.358, 13879, 98
2026/10/08 04:20:11.623, 13884, 96
2026/10/08 04:20:11.887, 13884, 98
2026/10/08 04:20:12.152, 13905, 98
2026/10/08 04:20:12.416, 13906, 98
2026/10/08 04:20:12.680, 13906, 98
2026/10/08 04:20:12.945, 13906, 98
2026/10/08 04:20:13.209, 13906, 98
2026/10/08 04:20:13.474, 13906, 97
2026/10/08 04:20:13.738, 13897, 97
2026/10/08 04:20:14.002, 13897, 98
2026/10/08 04:20:14.267, 13888, 98
2026/10/08 04:20:14.531, 13868, 97
2026/10/08 04:20:14.796, 13864, 97
2026/10/08 04:20:15.060, 13864, 97
2026/10/08 04:20:15.325, 13864, 97
2026/10/08 04:20:15.589, 13894, 97
2026/10/08 04:20:15.853, 13897, 97
2026/10/08 04:20:16.119, 13897, 98
2026/10/08 04:20:16.384, 13897, 96
2026/10/08 04:20:16.649, 13894, 96
2026/10/08 04:20:16.913, 13894, 98
2026/10/08 04:20:17.177, 13894, 98
2026/10/08 04:20:17.441, 13893, 98
2026/10/08 04:20:17.706, 13888, 98
2026/10/08 04:20:17.970, 13888, 97
2026/10/08 04:20:18.235, 13889, 97
2026/10/08 04:20:18.499, 13889, 98
2026/10/08 04:20:18.764, 13886, 98
2026/10/08 04:20:19.030, 13886, 97
2026/10/08 04:20:19.295, 13886, 97
2026/10/08 04:20:19.545, 13878, 97
2026/10/08 04:20:19.810, 13882, 97
2026/10/08 04:20:20.075, 13882, 97
2026/10/08 04:20:20.339, 13882, 97
2026/10/08 04:20:20.604, 13880, 98
2026/10/08 04:20:20.868, 13855, 98
2026/10/08 04:20:21.118, 13855, 98
2026/10/08 04:20:21.382, 2451, 5
2026/10/08 04:20:21.647, 2446, 5
2026/10/08 04:20:21.912, 2461, 4
2026/10/08 04:20:22.176, 2442, 4
2026/10/08 04:20:22.440, 2649, 5
2026/10/08 04:20:22.704, 2636, 5
2026/10/08 04:20:22.969, 2636, 4
2026/10/08 04:20:23.233, 11060, 4
2026/10/08 04:20:23.499, 11055, 40
2026/10/08 04:20:23.764, 11062, 40
2026/10/08 04:20:24.028, 11062, 40
2026/10/08 04:20:24.278, 11062, 40
2026/10/08 04:20:24.543, 13808, 56
2026/10/08 04:20:24.807, 13834, 56
2026/10/08 04:20:25.072, 13834, 99
2026/10/08 04:20:25.336, 13834, 99
2026/10/08 04:20:25.600, 13834, 99
2026/10/08 04:20:25.863, 13834, 99
2026/10/08 04:20:26.128, 13835, 99
2026/10/08 04:20:26.391, 13835, 98
2026/10/08 04:20:26.656, 13835, 98
2026/10/08 04:20:26.920, 13835, 98
2026/10/08 04:20:27.185, 13835, 98
2026/10/08 04:20:27.449, 13834, 98
2026/10/08 04:20:27.714, 13834, 98
2026/10/08 04:20:27.979, 13834, 98
2026/10/08 04:20:28.244, 13834, 98
2026/10/08 04:20:28.508, 13830, 97
2026/10/08 04:20:28.773, 13830, 97
2026/10/08 04:20:29.037, 13830, 97
2026/10/08 04:20:29.302, 13830, 97
2026/10/08 04:20:29.566, 13830, 97
2026/10/08 04:20:29.830, 13834, 97
2026/10/08 04:20:30.095, 13834, 97
2026/10/08 04:20:30.359, 13834, 97
2026/10/08 04:20:30.625, 13834, 97
2026/10/08 04:20:30.889, 13834, 99
2026/10/08 04:20:31.154, 13834, 99
2026/10/08 04:20:31.419, 13834, 97
2026/10/08 04:20:31.684, 13834, 97
2026/10/08 04:20:31.948, 13834, 97
2026/10/08 04:20:32.213, 13834, 97
2026/10/08 04:20:32.477, 13834, 98
2026/10/08 04:20:32.741, 13834, 98
2026/10/08 04:20:33.006, 13835, 98
2026/10/08 04:20:33.270, 13835, 98
2026/10/08 04:20:33.536, 13835, 98
2026/10/08 04:20:33.800, 13835, 98
2026/10/08 04:20:34.064, 13835, 97
2026/10/08 04:20:34.328, 13835, 97
2026/10/08 04:20:34.591, 13831, 98
2026/10/08 04:20:34.855, 13831, 98
2026/10/08 04:20:35.118, 13831, 98
2026/10/08 04:20:35.383, 13831, 98
2026/10/08 04:20:35.646, 13831, 98
2026/10/08 04:20:35.910, 13831, 98
2026/10/08 04:20:36.175, 13835, 98
2026/10/08 04:20:36.440, 13835, 98
2026/10/08 04:20:36.704, 13835, 98
2026/10/08 04:20:36.968, 13835, 97
2026/10/08 04:20:37.233, 13835, 97
2026/10/08 04:20:37.497, 13835, 97
2026/10/08 04:20:37.761, 13839, 97
2026/10/08 04:20:38.024, 13840, 97
2026/10/08 04:20:38.287, 13840, 97
2026/10/08 04:20:38.552, 13840, 97
2026/10/08 04:20:38.818, 13840, 97
2026/10/08 04:20:39.082, 13840, 97
2026/10/08 04:20:39.345, 13840, 97
2026/10/08 04:20:39.609, 13840, 97
2026/10/08 04:20:39.873, 13840, 97
2026/10/08 04:20:40.138, 13840, 97
2026/10/08 04:20:40.403, 13840, 97
2026/10/08 04:20:40.668, 13835, 97
2026/10/08 04:20:40.931, 13835, 97
2026/10/08 04:20:41.198, 13835, 97
2026/10/08 04:20:41.461, 13835, 97
2026/10/08 04:20:41.712, 13835, 97
2026/10/08 04:20:41.975, 13835, 93
2026/10/08 04:20:42.240, 13835, 93
2026/10/08 04:20:42.505, 13835, 97
2026/10/08 04:20:42.755, 13828, 97
2026/10/08 04:20:43.020, 13828, 96
2026/10/08 04:20:43.304, 13828, 96
2026/10/08 04:20:43.577, 13828, 96
2026/10/08 04:20:43.833, 13828, 96
2026/10/08 04:20:44.096, 13828, 96
2026/10/08 04:20:44.365, 13828, 96
2026/10/08 04:20:44.635, 13828, 96
2026/10/08 04:20:44.890, 13828, 97
2026/10/08 04:20:45.158, 13828, 97
2026/10/08 04:20:45.417, 13828, 96
2026/10/08 04:20:45.697, 13828, 96
2026/10/08 04:20:45.961, 13828, 96
2026/10/08 04:20:46.231, 13828, 96
2026/10/08 04:20:46.489, 13828, 96
2026/10/08 04:20:46.753, 13828, 96
2026/10/08 04:20:47.020, 13828, 96
2026/10/08 04:20:47.283, 13828, 96
2026/10/08 04:20:47.549, 13828, 96
2026/10/08 04:20:47.813, 13828, 96
2026/10/08 04:20:48.078, 13828, 97
2026/10/08 04:20:48.341, 13828, 97
2026/10/08 04:20:48.611, 13836, 96
2026/10/08 04:20:48.870, 13836, 96
2026/10/08 04:20:49.135, 13836, 96
2026/10/08 04:20:49.400, 13836, 96
2026/10/08 04:20:49.665, 13836, 96
2026/10/08 04:20:49.930, 13832, 97
2026/10/08 04:20:50.194, 13832, 97
2026/10/08 04:20:50.459, 13832, 97
2026/10/08 04:20:50.723, 13832, 97
2026/10/08 04:20:50.987, 13832, 97
2026/10/08 04:20:51.252, 13832, 97
2026/10/08 04:20:51.516, 13832, 97
2026/10/08 04:20:51.779, 13828, 97
2026/10/08 04:20:52.044, 13828, 98
2026/10/08 04:20:52.308, 13828, 98
2026/10/08 04:20:52.573, 13833, 96
2026/10/08 04:20:52.838, 13833, 96
2026/10/08 04:20:53.102, 13833, 97
2026/10/08 04:20:53.366, 13837, 97
2026/10/08 04:20:53.630, 13837, 97
2026/10/08 04:20:53.895, 13837, 97
2026/10/08 04:20:54.160, 13837, 97
2026/10/08 04:20:54.424, 13837, 97
2026/10/08 04:20:54.689, 13837, 97
2026/10/08 04:20:54.953, 13837, 98
2026/10/08 04:20:55.217, 13838, 98
2026/10/08 04:20:55.483, 13838, 97
2026/10/08 04:20:55.747, 13838, 97
2026/10/08 04:20:56.012, 13838, 97
2026/10/08 04:20:56.277, 13838, 97
2026/10/08 04:20:56.541, 13838, 97
2026/10/08 04:20:56.806, 13838, 97
2026/10/08 04:20:57.069, 13838, 97
2026/10/08 04:20:57.334, 13838, 97
2026/10/08 04:20:57.597, 13838, 97
2026/10/08 04:20:57.862, 13838, 97
2026/10/08 04:20:58.126, 13838, 98
2026/10/08 04:20:58.390, 13838, 96
2026/10/08 04:20:58.654, 13839, 96
2026/10/08 04:20:58.918, 13839, 97
2026/10/08 04:20:59.182, 13840, 97
2026/10/08 04:20:59.447, 13840, 98
2026/10/08 04:20:59.711, 13840, 98
2026/10/08 04:20:59.976, 13840, 98
2026/10/08 04:21:00.226, 13840, 98
2026/10/08 04:21:00.490, 13840, 98
2026/10/08 04:21:00.754, 13840, 98
2026/10/08 04:21:01.017, 13842, 79
2026/10/08 04:21:01.281, 13842, 79
2026/10/08 04:21:01.545, 13838, 97
2026/10/08 04:21:01.810, 13838, 97
2026/10/08 04:21:02.073, 13838, 97
2026/10/08 04:21:02.337, 13838, 97
2026/10/08 04:21:02.600, 13838, 98
2026/10/08 04:21:02.865, 13838, 98
2026/10/08 04:21:03.130, 13838, 98
2026/10/08 04:21:03.394, 13838, 98
2026/10/08 04:21:03.659, 13835, 98
2026/10/08 04:21:03.923, 13831, 98
2026/10/08 04:21:04.188, 13831, 98
2026/10/08 04:21:04.452, 13831, 98
2026/10/08 04:21:04.702, 13831, 98
2026/10/08 04:21:04.967, 13831, 98
2026/10/08 04:21:05.230, 13831, 98
2026/10/08 04:21:05.493, 13831, 98
2026/10/08 04:21:05.758, 13831, 98
2026/10/08 04:21:06.022, 13831, 98
2026/10/08 04:21:06.287, 13831, 98
2026/10/08 04:21:06.552, 13831, 97
2026/10/08 04:21:06.802, 2425, 97
2026/10/08 04:21:07.067, 2425, 6
2026/10/08 04:21:07.331, 2425, 6
2026/10/08 04:21:07.595, 2425, 5
2026/10/08 04:21:07.859, 2425, 5
2026/10/08 04:21:08.122, 2425, 10
2026/10/08 04:21:08.387, 2633, 5
2026/10/08 04:21:08.650, 6025, 5
2026/10/08 04:21:08.915, 11065, 39
2026/10/08 04:21:09.180, 11065, 39
2026/10/08 04:21:09.430, 11065, 39
2026/10/08 04:21:09.694, 11065, 39
2026/10/08 04:21:09.944, 13803, 29
2026/10/08 04:21:10.208, 13837, 29
2026/10/08 04:21:10.473, 13837, 100
2026/10/08 04:21:10.737, 13837, 100
2026/10/08 04:21:11.002, 13837, 100
2026/10/08 04:21:11.266, 13837, 100
2026/10/08 04:21:11.530, 13837, 99
2026/10/08 04:21:11.794, 13837, 99
2026/10/08 04:21:12.060, 13837, 97
2026/10/08 04:21:12.324, 13837, 97
2026/10/08 04:21:12.589, 13856, 98
2026/10/08 04:21:12.853, 13873, 98
2026/10/08 04:21:13.118, 13873, 97
2026/10/08 04:21:13.382, 13873, 97
2026/10/08 04:21:13.647, 13873, 97
2026/10/08 04:21:13.910, 13865, 98
2026/10/08 04:21:14.175, 13865, 98
2026/10/08 04:21:14.438, 13865, 97
2026/10/08 04:21:14.702, 13865, 97
2026/10/08 04:21:14.965, 13864, 97
2026/10/08 04:21:15.228, 13864, 97
2026/10/08 04:21:15.493, 13864, 97
2026/10/08 04:21:15.757, 13864, 97
2026/10/08 04:21:16.021, 13864, 97
2026/10/08 04:21:16.287, 13864, 97
2026/10/08 04:21:16.551, 13860, 98
2026/10/08 04:21:16.815, 13860, 98
2026/10/08 04:21:17.080, 13860, 98
2026/10/08 04:21:17.344, 13860, 98
2026/10/08 04:21:17.609, 13859, 97
2026/10/08 04:21:17.873, 13863, 97
2026/10/08 04:21:18.138, 13863, 98
2026/10/08 04:21:18.403, 13863, 98
2026/10/08 04:21:18.666, 13863, 98
2026/10/08 04:21:18.930, 13863, 97
2026/10/08 04:21:19.195, 13863, 97
2026/10/08 04:21:19.458, 13863, 98
2026/10/08 04:21:19.723, 13862, 98
2026/10/08 04:21:19.987, 13862, 98
2026/10/08 04:21:20.237, 13862, 98
2026/10/08 04:21:20.502, 13862, 97
2026/10/08 04:21:20.766, 13862, 97
2026/10/08 04:21:21.031, 13862, 98
2026/10/08 04:21:21.295, 13862, 98
2026/10/08 04:21:21.558, 13862, 97
2026/10/08 04:21:21.822, 13858, 97
2026/10/08 04:21:22.088, 13858, 99
2026/10/08 04:21:22.352, 13858, 99
2026/10/08 04:21:22.617, 13858, 97
2026/10/08 04:21:22.881, 13836, 96
2026/10/08 04:21:23.146, 13837, 96
2026/10/08 04:21:23.410, 13837, 82
2026/10/08 04:21:23.675, 13837, 82
2026/10/08 04:21:23.940, 13838, 97
2026/10/08 04:21:24.205, 13838, 97
2026/10/08 04:21:24.470, 13838, 98
2026/10/08 04:21:24.734, 13838, 98
2026/10/08 04:21:24.998, 13838, 97
2026/10/08 04:21:25.264, 13838, 97
2026/10/08 04:21:25.528, 13838, 98
2026/10/08 04:21:25.792, 13834, 98
2026/10/08 04:21:26.056, 13834, 98
2026/10/08 04:21:26.319, 13834, 98
2026/10/08 04:21:26.583, 13834, 98
2026/10/08 04:21:26.848, 13834, 98
2026/10/08 04:21:27.112, 13834, 97
2026/10/08 04:21:27.375, 13838, 97
2026/10/08 04:21:27.638, 13838, 97
2026/10/08 04:21:27.902, 13838, 98
2026/10/08 04:21:28.166, 13838, 98
2026/10/08 04:21:28.431, 13838, 98
2026/10/08 04:21:28.694, 13838, 98
2026/10/08 04:21:28.958, 13838, 98
2026/10/08 04:21:29.223, 13838, 98
2026/10/08 04:21:29.487, 13838, 97
2026/10/08 04:21:29.752, 13838, 97
2026/10/08 04:21:30.015, 13839, 96
2026/10/08 04:21:30.279, 13839, 96
2026/10/08 04:21:30.544, 13839, 97
2026/10/08 04:21:30.808, 13839, 97
2026/10/08 04:21:31.073, 13839, 96
2026/10/08 04:21:31.338, 13843, 96
2026/10/08 04:21:31.602, 13843, 98
2026/10/08 04:21:31.867, 13843, 98
2026/10/08 04:21:32.131, 13843, 98
2026/10/08 04:21:32.396, 13843, 98
2026/10/08 04:21:32.660, 13843, 98
2026/10/08 04:21:32.924, 13843, 95
2026/10/08 04:21:33.189, 13843, 95
2026/10/08 04:21:33.453, 13843, 96
2026/10/08 04:21:33.717, 13838, 96
2026/10/08 04:21:33.981, 13838, 93
2026/10/08 04:21:34.246, 13838, 93
2026/10/08 04:21:34.511, 13838, 96
2026/10/08 04:21:34.777, 13838, 96
2026/10/08 04:21:35.041, 13838, 97
2026/10/08 04:21:35.314, 13838, 97
2026/10/08 04:21:35.569, 13838, 96
2026/10/08 04:21:35.835, 13838, 96
2026/10/08 04:21:36.100, 13838, 96
2026/10/08 04:21:36.363, 13828, 96
2026/10/08 04:21:36.626, 13828, 96
2026/10/08 04:21:36.892, 13828, 96
2026/10/08 04:21:37.156, 13828, 96
2026/10/08 04:21:37.422, 13828, 96
2026/10/08 04:21:37.685, 13828, 96
2026/10/08 04:21:37.948, 13828, 97
2026/10/08 04:21:38.213, 13828, 97
2026/10/08 04:21:38.478, 13828, 98
2026/10/08 04:21:38.742, 13828, 98
2026/10/08 04:21:39.005, 13828, 98
2026/10/08 04:21:39.269, 13837, 98
2026/10/08 04:21:39.533, 13837, 97
2026/10/08 04:21:39.797, 13837, 97
2026/10/08 04:21:40.048, 13837, 97
2026/10/08 04:21:40.313, 13837, 97
2026/10/08 04:21:40.577, 13837, 97
2026/10/08 04:21:40.841, 13837, 97
2026/10/08 04:21:41.106, 13837, 97
2026/10/08 04:21:41.371, 13837, 97
2026/10/08 04:21:41.634, 2469, 22
2026/10/08 04:21:41.899, 2636, 4
2026/10/08 04:21:42.164, 2469, 4
2026/10/08 04:21:42.428, 2634, 4
2026/10/08 04:21:42.692, 2469, 4
2026/10/08 04:21:42.956, 2676, 5
2026/10/08 04:21:43.221, 3636, 5
2026/10/08 04:21:43.485, 11100, 97
2026/10/08 04:21:43.750, 11100, 97
2026/10/08 04:21:44.014, 11100, 41
2026/10/08 04:21:44.278, 11092, 41
2026/10/08 04:21:44.542, 13830, 40
2026/10/08 04:21:44.806, 13849, 40
2026/10/08 04:21:45.070, 13859, 8
2026/10/08 04:21:45.335, 13859, 8
2026/10/08 04:21:45.600, 13859, 99
2026/10/08 04:21:45.865, 13859, 99
2026/10/08 04:21:46.128, 13859, 99
2026/10/08 04:21:46.392, 13859, 70
2026/10/08 04:21:46.656, 13842, 70
2026/10/08 04:21:46.919, 13831, 98
2026/10/08 04:21:47.183, 13831, 98
2026/10/08 04:21:47.447, 13831, 97
2026/10/08 04:21:47.712, 13833, 97
2026/10/08 04:21:47.976, 13834, 97
2026/10/08 04:21:48.240, 13837, 97
2026/10/08 04:21:48.506, 13837, 97
2026/10/08 04:21:48.771, 13837, 97
2026/10/08 04:21:49.035, 13837, 97
2026/10/08 04:21:49.300, 13845, 97
2026/10/08 04:21:49.564, 13845, 98
2026/10/08 04:21:49.829, 13844, 98
2026/10/08 04:21:50.094, 13849, 97
2026/10/08 04:21:50.359, 13849, 97
2026/10/08 04:21:50.624, 13849, 98
2026/10/08 04:21:50.888, 13849, 98
2026/10/08 04:21:51.153, 13849, 98
2026/10/08 04:21:51.416, 13848, 97
2026/10/08 04:21:51.680, 13848, 97
2026/10/08 04:21:51.943, 13844, 97
2026/10/08 04:21:52.208, 13844, 97
2026/10/08 04:21:52.471, 13844, 98
2026/10/08 04:21:52.735, 13840, 98
2026/10/08 04:21:52.999, 13840, 98
2026/10/08 04:21:53.262, 13840, 98
2026/10/08 04:21:53.526, 13844, 98
2026/10/08 04:21:53.789, 13844, 98
2026/10/08 04:21:54.054, 13844, 98
2026/10/08 04:21:54.318, 13844, 98
2026/10/08 04:21:54.569, 13836, 98
2026/10/08 04:21:54.834, 13836, 98
2026/10/08 04:21:55.098, 13836, 98
2026/10/08 04:21:55.362, 13836, 98
2026/10/08 04:21:55.626, 13831, 96
2026/10/08 04:21:55.891, 13830, 98
2026/10/08 04:21:56.154, 13830, 98
2026/10/08 04:21:56.419, 13851, 97
2026/10/08 04:21:56.682, 13864, 97
2026/10/08 04:21:56.947, 13864, 98
2026/10/08 04:21:57.212, 13864, 98
2026/10/08 04:21:57.476, 13864, 97
2026/10/08 04:21:57.740, 13865, 97
2026/10/08 04:21:58.004, 13865, 97
2026/10/08 04:21:58.270, 13865, 97
2026/10/08 04:21:58.534, 13865, 97
2026/10/08 04:21:58.799, 13861, 97
2026/10/08 04:21:59.063, 13861, 98
2026/10/08 04:21:59.327, 13861, 98
2026/10/08 04:21:59.591, 13861, 97
2026/10/08 04:21:59.855, 13861, 97
2026/10/08 04:22:00.119, 13861, 98
2026/10/08 04:22:00.384, 13861, 98
2026/10/08 04:22:00.648, 13861, 98
2026/10/08 04:22:00.912, 13861, 98
2026/10/08 04:22:01.176, 13861, 98
2026/10/08 04:22:01.440, 13861, 98
2026/10/08 04:22:01.704, 13831, 98
2026/10/08 04:22:01.969, 13827, 98
2026/10/08 04:22:02.232, 13827, 98
2026/10/08 04:22:02.496, 13827, 97
2026/10/08 04:22:02.761, 13827, 97
2026/10/08 04:22:03.026, 13827, 98
2026/10/08 04:22:03.291, 13864, 98
2026/10/08 04:22:03.556, 13864, 97
2026/10/08 04:22:03.820, 13864, 97
2026/10/08 04:22:04.084, 13864, 97
2026/10/08 04:22:04.349, 13865, 97
2026/10/08 04:22:04.613, 13865, 84
2026/10/08 04:22:04.876, 13865, 84
2026/10/08 04:22:05.141, 13865, 97
2026/10/08 04:22:05.406, 13865, 97
2026/10/08 04:22:05.670, 13865, 97
2026/10/08 04:22:05.934, 13865, 98
2026/10/08 04:22:06.197, 13865, 98
2026/10/08 04:22:06.461, 13865, 97
2026/10/08 04:22:06.725, 13860, 97
2026/10/08 04:22:06.989, 13860, 98
2026/10/08 04:22:07.253, 13860, 98
2026/10/08 04:22:07.518, 13860, 97
2026/10/08 04:22:07.780, 13860, 97
2026/10/08 04:22:08.045, 13860, 97
2026/10/08 04:22:08.309, 13832, 97
2026/10/08 04:22:08.573, 13832, 98
2026/10/08 04:22:08.837, 13832, 98
2026/10/08 04:22:09.100, 13832, 98
2026/10/08 04:22:09.364, 13832, 98
2026/10/08 04:22:09.629, 13832, 98
2026/10/08 04:22:09.893, 13827, 98
2026/10/08 04:22:10.159, 13827, 98
2026/10/08 04:22:10.422, 13827, 86
2026/10/08 04:22:10.685, 13827, 86
2026/10/08 04:22:10.950, 13827, 98
2026/10/08 04:22:11.215, 13827, 98
2026/10/08 04:22:11.479, 13827, 98
2026/10/08 04:22:11.743, 13827, 98
2026/10/08 04:22:12.008, 13827, 97
2026/10/08 04:22:12.272, 13827, 97
2026/10/08 04:22:12.536, 13827, 98
2026/10/08 04:22:12.801, 13827, 98
2026/10/08 04:22:13.066, 13827, 97
2026/10/08 04:22:13.331, 13827, 97
2026/10/08 04:22:13.596, 13827, 99
2026/10/08 04:22:13.861, 13827, 99
2026/10/08 04:22:14.126, 13827, 98
2026/10/08 04:22:14.390, 13827, 98
2026/10/08 04:22:14.654, 13827, 98
2026/10/08 04:22:14.918, 13827, 97
2026/10/08 04:22:15.181, 13827, 97
2026/10/08 04:22:15.445, 13827, 97
2026/10/08 04:22:15.709, 13827, 97
2026/10/08 04:22:15.973, 13827, 98
2026/10/08 04:22:16.238, 13827, 98
2026/10/08 04:22:16.502, 13827, 98
2026/10/08 04:22:16.766, 13827, 98
2026/10/08 04:22:17.031, 13827, 98
2026/10/08 04:22:17.295, 13827, 98
2026/10/08 04:22:17.559, 13827, 98
2026/10/08 04:22:17.823, 13827, 98
2026/10/08 04:22:18.087, 13827, 97
2026/10/08 04:22:18.338, 13827, 97
2026/10/08 04:22:18.603, 13827, 98
2026/10/08 04:22:18.866, 13827, 98
2026/10/08 04:22:19.118, 13827, 98
2026/10/08 04:22:19.368, 13827, 98
2026/10/08 04:22:19.632, 13849, 98
2026/10/08 04:22:19.896, 13853, 98
2026/10/08 04:22:20.161, 13853, 98
2026/10/08 04:22:20.426, 13853, 98
2026/10/08 04:22:20.691, 13853, 98
2026/10/08 04:22:20.956, 13855, 97
2026/10/08 04:22:21.220, 13856, 97
2026/10/08 04:22:21.485, 13854, 98
2026/10/08 04:22:21.750, 13851, 98
2026/10/08 04:22:22.015, 13851, 97
2026/10/08 04:22:22.279, 13851, 97
2026/10/08 04:22:22.543, 13851, 98
2026/10/08 04:22:22.807, 13851, 98
2026/10/08 04:22:23.070, 13866, 97
2026/10/08 04:22:23.334, 13867, 97
2026/10/08 04:22:23.599, 13867, 98
2026/10/08 04:22:23.864, 13867, 98
2026/10/08 04:22:24.128, 13867, 97
2026/10/08 04:22:24.393, 13867, 98
2026/10/08 04:22:24.658, 13867, 98
2026/10/08 04:22:24.922, 13867, 97
2026/10/08 04:22:25.187, 13867, 97
2026/10/08 04:22:25.451, 13867, 98
2026/10/08 04:22:25.716, 13863, 98
2026/10/08 04:22:25.981, 13863, 98
2026/10/08 04:22:26.245, 13862, 98
2026/10/08 04:22:26.509, 13858, 98
2026/10/08 04:22:26.773, 13857, 98
2026/10/08 04:22:27.038, 13856, 98
2026/10/08 04:22:27.302, 13856, 98
2026/10/08 04:22:27.565, 13856, 97
2026/10/08 04:22:27.829, 13856, 97
2026/10/08 04:22:28.092, 13827, 97
2026/10/08 04:22:28.357, 13827, 97
2026/10/08 04:22:28.621, 13827, 97
2026/10/08 04:22:28.885, 13827, 84
2026/10/08 04:22:29.149, 13827, 84
2026/10/08 04:22:29.413, 13827, 97
2026/10/08 04:22:29.678, 13827, 97
2026/10/08 04:22:29.942, 13827, 98
2026/10/08 04:22:30.206, 13827, 98
2026/10/08 04:22:30.471, 13827, 97
2026/10/08 04:22:30.734, 13827, 97
2026/10/08 04:22:30.998, 13827, 97
2026/10/08 04:22:31.263, 13827, 97
2026/10/08 04:22:31.527, 13827, 98
2026/10/08 04:22:31.792, 13827, 98
2026/10/08 04:22:32.056, 13827, 98
2026/10/08 04:22:32.320, 13827, 98
2026/10/08 04:22:32.585, 13827, 98
2026/10/08 04:22:32.849, 13827, 98
2026/10/08 04:22:33.114, 13862, 98
2026/10/08 04:22:33.378, 13863, 98
2026/10/08 04:22:33.642, 13863, 97
2026/10/08 04:22:33.907, 13863, 96
2026/10/08 04:22:34.170, 13863, 96
2026/10/08 04:22:34.434, 13863, 97
2026/10/08 04:22:34.699, 13864, 97
2026/10/08 04:22:34.964, 13864, 76
2026/10/08 04:22:35.228, 13864, 76
2026/10/08 04:22:35.492, 13864, 97
2026/10/08 04:22:35.757, 13864, 97
2026/10/08 04:22:36.022, 13864, 97
2026/10/08 04:22:36.285, 13864, 97
2026/10/08 04:22:36.550, 13864, 97
2026/10/08 04:22:36.814, 13864, 97
2026/10/08 04:22:37.078, 13863, 97
2026/10/08 04:22:37.341, 13863, 97
2026/10/08 04:22:37.606, 13859, 97
2026/10/08 04:22:37.870, 13859, 97
2026/10/08 04:22:38.134, 13862, 98
2026/10/08 04:22:38.399, 13849, 98
2026/10/08 04:22:38.663, 13835, 98
2026/10/08 04:22:38.927, 13831, 97
2026/10/08 04:22:39.192, 2428, 97
2026/10/08 04:22:39.455, 2428, 5
2026/10/08 04:22:39.720, 2588, 5
2026/10/08 04:22:39.984, 2428, 5
2026/10/08 04:22:40.248, 2447, 5
2026/10/08 04:22:40.511, 2589, 10
2026/10/08 04:22:40.776, 2631, 10
2026/10/08 04:22:41.041, 2631, 7
2026/10/08 04:22:41.306, 11055, 7
2026/10/08 04:22:41.571, 11055, 79
2026/10/08 04:22:41.835, 11055, 79
2026/10/08 04:22:42.099, 11055, 35
2026/10/08 04:22:42.364, 11055, 35
2026/10/08 04:22:42.629, 11055, 33
2026/10/08 04:22:42.893, 13801, 29
2026/10/08 04:22:43.157, 13807, 29
2026/10/08 04:22:43.423, 13827, 75
2026/10/08 04:22:43.687, 13827, 75
2026/10/08 04:22:43.952, 13827, 99
2026/10/08 04:22:44.216, 13827, 99
2026/10/08 04:22:44.481, 13827, 99
2026/10/08 04:22:44.744, 13828, 99
2026/10/08 04:22:45.009, 13828, 92
2026/10/08 04:22:45.273, 13828, 92
2026/10/08 04:22:45.542, 13828, 96
2026/10/08 04:22:45.803, 13828, 96
2026/10/08 04:22:46.068, 13828, 96
2026/10/08 04:22:46.334, 13827, 96
2026/10/08 04:22:46.597, 13827, 97
2026/10/08 04:22:46.861, 13827, 97
2026/10/08 04:22:47.129, 13827, 96
2026/10/08 04:22:47.392, 13827, 96
2026/10/08 04:22:47.656, 13827, 96
2026/10/08 04:22:47.920, 13827, 98
2026/10/08 04:22:48.185, 13827, 98
2026/10/08 04:22:48.449, 13827, 98
2026/10/08 04:22:48.713, 13827, 98
2026/10/08 04:22:48.978, 13827, 98
2026/10/08 04:22:49.241, 13827, 98
2026/10/08 04:22:49.506, 13827, 97
2026/10/08 04:22:49.770, 13835, 97
2026/10/08 04:22:50.035, 13835, 97
2026/10/08 04:22:50.300, 13835, 97
2026/10/08 04:22:50.565, 13835, 98
2026/10/08 04:22:50.829, 13835, 98
2026/10/08 04:22:51.093, 13835, 98
2026/10/08 04:22:51.358, 13835, 98
2026/10/08 04:22:51.622, 13835, 97
2026/10/08 04:22:51.887, 13835, 97
2026/10/08 04:22:52.150, 13835, 97
2026/10/08 04:22:52.415, 13835, 98
2026/10/08 04:22:52.680, 13835, 98
2026/10/08 04:22:52.944, 13835, 97
2026/10/08 04:22:53.208, 13835, 97
2026/10/08 04:22:53.473, 13835, 97
2026/10/08 04:22:53.738, 13835, 97
2026/10/08 04:22:54.002, 13835, 98
2026/10/08 04:22:54.266, 13835, 98
2026/10/08 04:22:54.530, 13835, 97
2026/10/08 04:22:54.794, 13835, 97
2026/10/08 04:22:55.058, 13836, 97
2026/10/08 04:22:55.321, 13836, 97
2026/10/08 04:22:55.585, 13827, 97
2026/10/08 04:22:55.849, 13827, 97
2026/10/08 04:22:56.113, 13827, 98
2026/10/08 04:22:56.377, 13827, 98
2026/10/08 04:22:56.641, 13827, 98
2026/10/08 04:22:56.905, 13827, 98
2026/10/08 04:22:57.169, 13827, 98
2026/10/08 04:22:57.433, 13827, 97
2026/10/08 04:22:57.697, 13827, 97
2026/10/08 04:22:57.962, 13827, 97
2026/10/08 04:22:58.226, 13827, 97
2026/10/08 04:22:58.490, 13827, 97
2026/10/08 04:22:58.756, 13827, 97
2026/10/08 04:22:59.019, 13827, 98
2026/10/08 04:22:59.283, 13827, 98
2026/10/08 04:22:59.547, 13827, 97
2026/10/08 04:22:59.811, 13831, 97
2026/10/08 04:23:00.076, 13831, 97
2026/10/08 04:23:00.340, 2428, 97
2026/10/08 04:23:00.604, 2428, 5
2026/10/08 04:23:00.868, 2436, 5
2026/10/08 04:23:01.132, 2428, 5
2026/10/08 04:23:01.397, 2428, 4
2026/10/08 04:23:01.649, 2428, 4
2026/10/08 04:23:01.914, 2424, 4
2026/10/08 04:23:02.179, 2424, 4
2026/10/08 04:23:02.443, 2424, 5
2026/10/08 04:23:02.709, 2424, 5
2026/10/08 04:23:02.973, 2424, 5
2026/10/08 04:23:03.237, 2424, 5
2026/10/08 04:23:03.501, 2424, 5
2026/10/08 04:23:03.765, 2424, 5
2026/10/08 04:23:04.029, 2424, 5
2026/10/08 04:23:04.293, 2424, 5
2026/10/08 04:23:04.558, 2424, 5
2026/10/08 04:23:04.822, 2424, 5
2026/10/08 04:23:05.087, 2424, 5
2026/10/08 04:23:05.351, 2424, 5
2026/10/08 04:23:05.615, 2424, 7
2026/10/08 04:23:05.880, 2425, 7
2026/10/08 04:23:06.145, 4057, 9
2026/10/08 04:23:06.411, 6179, 55
2026/10/08 04:23:06.675, 6284, 55
2026/10/08 04:23:06.939, 6432, 74
2026/10/08 04:23:07.204, 6562, 74
2026/10/08 04:23:07.469, 6562, 60
2026/10/08 04:23:07.733, 6566, 60
2026/10/08 04:23:07.997, 6566, 75
2026/10/08 04:23:08.262, 6566, 75
2026/10/08 04:23:08.512, 6566, 76
2026/10/08 04:23:08.777, 6566, 76
2026/10/08 04:23:09.042, 6566, 74
2026/10/08 04:23:09.307, 6566, 74
2026/10/08 04:23:09.572, 7590, 76
2026/10/08 04:23:09.823, 7562, 76
2026/10/08 04:23:10.088, 7562, 81
2026/10/08 04:23:10.352, 7562, 81
2026/10/08 04:23:10.617, 7562, 81
2026/10/08 04:23:10.881, 7562, 81
2026/10/08 04:23:11.146, 7562, 48
2026/10/08 04:23:11.410, 7562, 49
2026/10/08 04:23:11.674, 7562, 49
2026/10/08 04:23:11.937, 7562, 47
2026/10/08 04:23:12.201, 7561, 47
2026/10/08 04:23:12.465, 7560, 52
2026/10/08 04:23:12.730, 7560, 52
2026/10/08 04:23:12.994, 7592, 51
2026/10/08 04:23:13.259, 7592, 51
2026/10/08 04:23:13.509, 7592, 48
2026/10/08 04:23:13.774, 7592, 48
2026/10/08 04:23:14.039, 7592, 85
2026/10/08 04:23:14.304, 7596, 85
2026/10/08 04:23:14.569, 7600, 82
2026/10/08 04:23:14.833, 7601, 82
2026/10/08 04:23:15.098, 7618, 85
2026/10/08 04:23:15.362, 7618, 85
2026/10/08 04:23:15.627, 7618, 49
2026/10/08 04:23:15.892, 7586, 75
2026/10/08 04:23:16.158, 7588, 75
2026/10/08 04:23:16.423, 7588, 83
2026/10/08 04:23:16.689, 7577, 83
2026/10/08 04:23:16.954, 7577, 84
2026/10/08 04:23:17.218, 7577, 84
2026/10/08 04:23:17.469, 7585, 83
2026/10/08 04:23:17.733, 7577, 83
2026/10/08 04:23:17.998, 7577, 85
2026/10/08 04:23:18.262, 7581, 85
2026/10/08 04:23:18.527, 7598, 80
2026/10/08 04:23:18.778, 7602, 80
2026/10/08 04:23:19.043, 7602, 83
2026/10/08 04:23:19.308, 7602, 83
2026/10/08 04:23:19.572, 7602, 83
2026/10/08 04:23:19.836, 7584, 83
2026/10/08 04:23:20.100, 7584, 72
2026/10/08 04:23:20.364, 7584, 72
2026/10/08 04:23:20.630, 6372, 86
2026/10/08 04:23:20.894, 6592, 63
2026/10/08 04:23:21.159, 6503, 63
2026/10/08 04:23:21.424, 2499, 74
2026/10/08 04:23:21.689, 2499, 74
2026/10/08 04:23:21.954, 2499, 5
2026/10/08 04:23:22.218, 2500, 5
2026/10/08 04:23:22.484, 2501, 5
2026/10/08 04:23:22.748, 2521, 5
2026/10/08 04:23:23.013, 2521, 5
2026/10/08 04:23:23.278, 2521, 5
2026/10/08 04:23:23.543, 2506, 5
2026/10/08 04:23:23.807, 2506, 5
2026/10/08 04:23:24.072, 2506, 6
2026/10/08 04:23:24.337, 2506, 6
2026/10/08 04:23:24.602, 2495, 6
2026/10/08 04:23:24.867, 2495, 6
2026/10/08 04:23:25.118, 2495, 6
2026/10/08 04:23:25.381, 2503, 6
2026/10/08 04:23:25.646, 2978, 6
2026/10/08 04:23:25.911, 3977, 28
2026/10/08 04:23:26.176, 5224, 28
2026/10/08 04:23:26.441, 5344, 7
2026/10/08 04:23:26.706, 5344, 7
2026/10/08 04:23:26.972, 5345, 6
2026/10/08 04:23:27.237, 5345, 6
2026/10/08 04:23:27.501, 5347, 6
2026/10/08 04:23:27.767, 6235, 6
2026/10/08 04:23:28.038, 6237, 8
2026/10/08 04:23:28.295, 6241, 8
2026/10/08 04:23:28.559, 6241, 6
2026/10/08 04:23:28.823, 6245, 6
2026/10/08 04:23:29.088, 6247, 100
2026/10/08 04:23:29.353, 6247, 100
2026/10/08 04:23:29.617, 6225, 24
2026/10/08 04:23:29.881, 6227, 24
2026/10/08 04:23:30.147, 6245, 36
2026/10/08 04:23:30.411, 6242, 32
2026/10/08 04:23:30.676, 6271, 32
2026/10/08 04:23:30.940, 6277, 40
2026/10/08 04:23:31.205, 6279, 40
2026/10/08 04:23:31.470, 6287, 42
2026/10/08 04:23:31.734, 6287, 42
2026/10/08 04:23:31.999, 6273, 37
2026/10/08 04:23:32.264, 6283, 37
2026/10/08 04:23:32.529, 6283, 29
2026/10/08 04:23:32.793, 6283, 29
2026/10/08 04:23:33.058, 6280, 18
2026/10/08 04:23:33.323, 6280, 18
2026/10/08 04:23:33.589, 6286, 18
2026/10/08 04:23:33.853, 6286, 18
2026/10/08 04:23:34.118, 6277, 43
2026/10/08 04:23:34.382, 6277, 43
2026/10/08 04:23:34.647, 6279, 42
2026/10/08 04:23:34.912, 6279, 38
2026/10/08 04:23:35.177, 6279, 38
2026/10/08 04:23:35.442, 6279, 25
2026/10/08 04:23:35.706, 6244, 25
2026/10/08 04:23:35.972, 6251, 19
2026/10/08 04:23:36.222, 6248, 19
2026/10/08 04:23:36.472, 6236, 5
2026/10/08 04:23:36.736, 2494, 5
2026/10/08 04:23:37.000, 2494, 5
2026/10/08 04:23:37.264, 2494, 5
2026/10/08 04:23:37.528, 2494, 5
2026/10/08 04:23:37.792, 2494, 5
2026/10/08 04:23:38.056, 2490, 6
2026/10/08 04:23:38.321, 2490, 6
2026/10/08 04:23:38.586, 2490, 5
2026/10/08 04:23:38.850, 2490, 5
2026/10/08 04:23:39.115, 2490, 6
2026/10/08 04:23:39.379, 2490, 6
2026/10/08 04:23:39.644, 2498, 5
2026/10/08 04:23:39.908, 2499, 9
2026/10/08 04:23:40.172, 2730, 9
2026/10/08 04:23:40.436, 6729, 8
2026/10/08 04:23:40.699, 11184, 8
2026/10/08 04:23:40.965, 11180, 34
2026/10/08 04:23:41.230, 11172, 34
2026/10/08 04:23:41.495, 11163, 35
2026/10/08 04:23:41.761, 13903, 35
2026/10/08 04:23:42.025, 13942, 59
2026/10/08 04:23:42.289, 13966, 59
2026/10/08 04:23:42.554, 13958, 100
2026/10/08 04:23:42.818, 13959, 100
2026/10/08 04:23:43.081, 13960, 100
2026/10/08 04:23:43.347, 13927, 100
2026/10/08 04:23:43.611, 13948, 69
2026/10/08 04:23:43.875, 13951, 69
2026/10/08 04:23:44.139, 13946, 96
2026/10/08 04:23:44.405, 13904, 82
2026/10/08 04:23:44.668, 13917, 82
2026/10/08 04:23:44.933, 13947, 97
2026/10/08 04:23:45.197, 13937, 97
2026/10/08 04:23:45.462, 13977, 96
2026/10/08 04:23:45.727, 14055, 96
2026/10/08 04:23:45.991, 14049, 97
2026/10/08 04:23:46.253, 14042, 97
2026/10/08 04:23:46.518, 14037, 97
2026/10/08 04:23:46.784, 14034, 97
2026/10/08 04:23:47.049, 14034, 97
2026/10/08 04:23:47.314, 14024, 97
2026/10/08 04:23:47.578, 14062, 97
2026/10/08 04:23:47.843, 14026, 97
2026/10/08 04:23:48.107, 14013, 97
2026/10/08 04:23:48.372, 14013, 97
2026/10/08 04:23:48.635, 14012, 97
2026/10/08 04:23:48.899, 14012, 98
2026/10/08 04:23:49.164, 14006, 98
2026/10/08 04:23:49.414, 13991, 98
2026/10/08 04:23:49.678, 13991, 98
2026/10/08 04:23:49.943, 13994, 97
2026/10/08 04:23:50.207, 13973, 97
2026/10/08 04:23:50.472, 13973, 97
2026/10/08 04:23:50.737, 13999, 97
2026/10/08 04:23:51.002, 13999, 97
2026/10/08 04:23:51.266, 14006, 97
2026/10/08 04:23:51.531, 14005, 94
2026/10/08 04:23:51.795, 14035, 94
2026/10/08 04:23:52.060, 14036, 97
2026/10/08 04:23:52.324, 14029, 97
2026/10/08 04:23:52.588, 14029, 97
2026/10/08 04:23:52.852, 14029, 97
2026/10/08 04:23:53.117, 14016, 97
2026/10/08 04:23:53.383, 13968, 97
2026/10/08 04:23:53.647, 13968, 98
2026/10/08 04:23:53.912, 13968, 97
2026/10/08 04:23:54.177, 13964, 97
2026/10/08 04:23:54.441, 13964, 97
2026/10/08 04:23:54.706, 13964, 97
2026/10/08 04:23:54.971, 13964, 97
2026/10/08 04:23:55.235, 13964, 97
2026/10/08 04:23:55.500, 13964, 97
2026/10/08 04:23:55.765, 13964, 97
2026/10/08 04:23:56.030, 13962, 98
2026/10/08 04:23:56.294, 13962, 98
2026/10/08 04:23:56.558, 13962, 97
2026/10/08 04:23:56.823, 13935, 97
2026/10/08 04:23:57.087, 13935, 97
2026/10/08 04:23:57.351, 13931, 97
2026/10/08 04:23:57.615, 13931, 97
2026/10/08 04:23:57.878, 13931, 97
2026/10/08 04:23:58.142, 13931, 97
2026/10/08 04:23:58.406, 13931, 97
2026/10/08 04:23:58.670, 13931, 97
2026/10/08 04:23:58.933, 13931, 98
2026/10/08 04:23:59.199, 13931, 98
2026/10/08 04:23:59.463, 13931, 97
2026/10/08 04:23:59.728, 13931, 97
2026/10/08 04:23:59.991, 13931, 98
2026/10/08 04:24:00.255, 13931, 98
2026/10/08 04:24:00.520, 13931, 97
2026/10/08 04:24:00.784, 13931, 97
2026/10/08 04:24:01.048, 13931, 64
2026/10/08 04:24:01.313, 13931, 64
2026/10/08 04:24:01.578, 13931, 97
2026/10/08 04:24:01.842, 13931, 97
2026/10/08 04:24:02.107, 13931, 97
2026/10/08 04:24:02.371, 13931, 97
2026/10/08 04:24:02.636, 13931, 98
2026/10/08 04:24:02.886, 13931, 98
2026/10/08 04:24:03.151, 13931, 98
2026/10/08 04:24:03.415, 13931, 98
2026/10/08 04:24:03.679, 13931, 98
2026/10/08 04:24:03.943, 13931, 98
2026/10/08 04:24:04.208, 13931, 98
2026/10/08 04:24:04.473, 13931, 97
2026/10/08 04:24:04.737, 13931, 97
2026/10/08 04:24:05.002, 13931, 98
2026/10/08 04:24:05.266, 13931, 98
2026/10/08 04:24:05.531, 13931, 85
2026/10/08 04:24:05.797, 13931, 85
2026/10/08 04:24:06.061, 13931, 97
2026/10/08 04:24:06.325, 13931, 97
2026/10/08 04:24:06.590, 13931, 97
2026/10/08 04:24:06.854, 13931, 97
2026/10/08 04:24:07.119, 13931, 97
2026/10/08 04:24:07.384, 13931, 97
2026/10/08 04:24:07.649, 13931, 98
2026/10/08 04:24:07.912, 13931, 97
2026/10/08 04:24:08.177, 13931, 97
2026/10/08 04:24:08.441, 13931, 97
2026/10/08 04:24:08.705, 13931, 97
2026/10/08 04:24:08.970, 13931, 98
2026/10/08 04:24:09.235, 13931, 98
2026/10/08 04:24:09.501, 13931, 97
2026/10/08 04:24:09.751, 13931, 97
2026/10/08 04:24:10.016, 13931, 97
2026/10/08 04:24:10.280, 13931, 97
2026/10/08 04:24:10.544, 13931, 97
2026/10/08 04:24:10.809, 13931, 97
2026/10/08 04:24:11.072, 13931, 97
2026/10/08 04:24:11.336, 13931, 97
2026/10/08 04:24:11.601, 13931, 97
2026/10/08 04:24:11.866, 13931, 97
2026/10/08 04:24:12.131, 13931, 97
2026/10/08 04:24:12.395, 13931, 97
2026/10/08 04:24:12.660, 13931, 97
2026/10/08 04:24:12.923, 13931, 97
2026/10/08 04:24:13.187, 13931, 97
2026/10/08 04:24:13.451, 13931, 97
2026/10/08 04:24:13.716, 13931, 97
2026/10/08 04:24:13.980, 13931, 97
2026/10/08 04:24:14.245, 13931, 97
2026/10/08 04:24:14.511, 13931, 96
2026/10/08 04:24:14.775, 13931, 96
2026/10/08 04:24:15.039, 13931, 72
2026/10/08 04:24:15.303, 13931, 72
2026/10/08 04:24:15.568, 13931, 97
2026/10/08 04:24:15.832, 13931, 97
2026/10/08 04:24:16.096, 13930, 97
2026/10/08 04:24:16.361, 13933, 97
2026/10/08 04:24:16.626, 13933, 97
2026/10/08 04:24:16.890, 13933, 97
2026/10/08 04:24:17.154, 13977, 97
2026/10/08 04:24:17.419, 13979, 97
2026/10/08 04:24:17.682, 13988, 97
2026/10/08 04:24:17.947, 13978, 97
2026/10/08 04:24:18.211, 13991, 97
2026/10/08 04:24:18.476, 14020, 97
2026/10/08 04:24:18.740, 14022, 97
2026/10/08 04:24:18.990, 14013, 98
2026/10/08 04:24:19.253, 13998, 98
2026/10/08 04:24:19.518, 13998, 98
2026/10/08 04:24:19.783, 13998, 98
2026/10/08 04:24:20.046, 13975, 86
2026/10/08 04:24:20.312, 13962, 86
2026/10/08 04:24:20.577, 13962, 98
2026/10/08 04:24:20.842, 13962, 98
2026/10/08 04:24:21.107, 13962, 97
2026/10/08 04:24:21.371, 13961, 97
2026/10/08 04:24:21.636, 13961, 98
2026/10/08 04:24:21.899, 13961, 98
2026/10/08 04:24:22.163, 13961, 98
2026/10/08 04:24:22.428, 13973, 98
2026/10/08 04:24:22.693, 13973, 98
2026/10/08 04:24:22.957, 13973, 98
2026/10/08 04:24:23.221, 13969, 98
2026/10/08 04:24:23.486, 13926, 98
2026/10/08 04:24:23.750, 13917, 98
2026/10/08 04:24:24.015, 13917, 98
2026/10/08 04:24:24.278, 13909, 98
2026/10/08 04:24:24.542, 13909, 98
2026/10/08 04:24:24.806, 13909, 98
2026/10/08 04:24:25.071, 13909, 97
2026/10/08 04:24:25.336, 13909, 97
2026/10/08 04:24:25.600, 13909, 98
2026/10/08 04:24:25.863, 13909, 98
2026/10/08 04:24:26.127, 13909, 96
2026/10/08 04:24:26.391, 13909, 96
2026/10/08 04:24:26.656, 13909, 92
2026/10/08 04:24:26.921, 13909, 97
2026/10/08 04:24:27.186, 13909, 97
2026/10/08 04:24:27.450, 13905, 98
2026/10/08 04:24:27.716, 13905, 98
2026/10/08 04:24:27.980, 13905, 98
2026/10/08 04:24:28.245, 13905, 98
2026/10/08 04:24:28.495, 13905, 96
2026/10/08 04:24:28.759, 13905, 96
2026/10/08 04:24:29.024, 13905, 97
2026/10/08 04:24:29.288, 13905, 97
2026/10/08 04:24:29.552, 13905, 98
2026/10/08 04:24:29.816, 13917, 98
2026/10/08 04:24:30.080, 13917, 98
2026/10/08 04:24:30.344, 13917, 98
2026/10/08 04:24:30.608, 13917, 98
2026/10/08 04:24:30.873, 13908, 98
2026/10/08 04:24:31.138, 13908, 98
2026/10/08 04:24:31.403, 13908, 98
2026/10/08 04:24:31.666, 13908, 98
2026/10/08 04:24:31.931, 13908, 98
2026/10/08 04:24:32.196, 13908, 98
2026/10/08 04:24:32.461, 13908, 98
2026/10/08 04:24:32.725, 13908, 98
2026/10/08 04:24:32.989, 13908, 98
2026/10/08 04:24:33.252, 13908, 98
2026/10/08 04:24:33.516, 13908, 97
2026/10/08 04:24:33.781, 13908, 97
2026/10/08 04:24:34.046, 13908, 98
2026/10/08 04:24:34.310, 13908, 98
2026/10/08 04:24:34.574, 13908, 98
2026/10/08 04:24:34.838, 13904, 98
2026/10/08 04:24:35.103, 13904, 98
2026/10/08 04:24:35.366, 13904, 98
2026/10/08 04:24:35.631, 13904, 98
2026/10/08 04:24:35.896, 13904, 98
2026/10/08 04:24:36.162, 13904, 98
2026/10/08 04:24:36.425, 13905, 97
2026/10/08 04:24:36.689, 13905, 97
2026/10/08 04:24:36.954, 13905, 98
2026/10/08 04:24:37.218, 13917, 98
2026/10/08 04:24:37.482, 13917, 98
2026/10/08 04:24:37.746, 13917, 98
2026/10/08 04:24:38.012, 13917, 98
2026/10/08 04:24:38.275, 13917, 98
2026/10/08 04:24:38.540, 13918, 98
2026/10/08 04:24:38.804, 13929, 98
2026/10/08 04:24:39.068, 13929, 97
2026/10/08 04:24:39.334, 13929, 97
2026/10/08 04:24:39.597, 13929, 98
2026/10/08 04:24:39.861, 13929, 98
2026/10/08 04:24:40.126, 13929, 98
2026/10/08 04:24:40.390, 13929, 98
2026/10/08 04:24:40.655, 13929, 98
2026/10/08 04:24:40.919, 13946, 97
2026/10/08 04:24:41.183, 13946, 97
2026/10/08 04:24:41.448, 13946, 98
2026/10/08 04:24:41.713, 13946, 98
2026/10/08 04:24:41.977, 13946, 97
2026/10/08 04:24:42.242, 13947, 97
2026/10/08 04:24:42.506, 13947, 97
2026/10/08 04:24:42.771, 13948, 97
2026/10/08 04:24:43.035, 13968, 97
2026/10/08 04:24:43.299, 13968, 97
2026/10/08 04:24:43.563, 13969, 98
2026/10/08 04:24:43.827, 13969, 98
2026/10/08 04:24:44.092, 13968, 98
2026/10/08 04:24:44.357, 13964, 98
2026/10/08 04:24:44.622, 13964, 97
2026/10/08 04:24:44.886, 13964, 97
2026/10/08 04:24:45.150, 13954, 98
2026/10/08 04:24:45.415, 13954, 98
2026/10/08 04:24:45.679, 13954, 98
2026/10/08 04:24:45.942, 13959, 98
2026/10/08 04:24:46.208, 13959, 98
2026/10/08 04:24:46.472, 13959, 98
2026/10/08 04:24:46.736, 13959, 98
2026/10/08 04:24:47.000, 13960, 98
2026/10/08 04:24:47.265, 13948, 98
2026/10/08 04:24:47.528, 13944, 98
2026/10/08 04:24:47.793, 13944, 98
2026/10/08 04:24:48.043, 13941, 98
2026/10/08 04:24:48.308, 13978, 98
2026/10/08 04:24:48.573, 13978, 98
2026/10/08 04:24:48.836, 13979, 98
2026/10/08 04:24:49.100, 13979, 97
2026/10/08 04:24:49.365, 13979, 97
2026/10/08 04:24:49.630, 13979, 98
2026/10/08 04:24:49.894, 13979, 98
2026/10/08 04:24:50.158, 13967, 97
2026/10/08 04:24:50.422, 14001, 97
2026/10/08 04:24:50.687, 14001, 97
2026/10/08 04:24:50.937, 14001, 97
2026/10/08 04:24:51.201, 14004, 97
2026/10/08 04:24:51.466, 14004, 98
2026/10/08 04:24:51.729, 14004, 98
2026/10/08 04:24:51.992, 14004, 98
2026/10/08 04:24:52.256, 13987, 98
2026/10/08 04:24:52.521, 13995, 97
2026/10/08 04:24:52.785, 13995, 97
2026/10/08 04:24:53.048, 13993, 98
2026/10/08 04:24:53.313, 13991, 98
2026/10/08 04:24:53.577, 13986, 98
2026/10/08 04:24:53.841, 13986, 98
2026/10/08 04:24:54.105, 13978, 97
2026/10/08 04:24:54.369, 13978, 97
2026/10/08 04:24:54.633, 13978, 98
2026/10/08 04:24:54.898, 13978, 98
2026/10/08 04:24:55.162, 13978, 98
2026/10/08 04:24:55.427, 13963, 98
2026/10/08 04:24:55.691, 13959, 98
2026/10/08 04:24:55.954, 13954, 97
2026/10/08 04:24:56.219, 13954, 97
2026/10/08 04:24:56.484, 13952, 98
2026/10/08 04:24:56.749, 13952, 98
2026/10/08 04:24:57.013, 13952, 97
2026/10/08 04:24:57.277, 13952, 97
2026/10/08 04:24:57.542, 13939, 97
2026/10/08 04:24:57.806, 13939, 97
2026/10/08 04:24:58.070, 13938, 98
2026/10/08 04:24:58.334, 13934, 98
2026/10/08 04:24:58.599, 13976, 98
2026/10/08 04:24:58.862, 13976, 98
2026/10/08 04:24:59.126, 13976, 97
2026/10/08 04:24:59.389, 13976, 97
2026/10/08 04:24:59.654, 13976, 98
2026/10/08 04:24:59.919, 13976, 97
2026/10/08 04:25:00.184, 13954, 97
2026/10/08 04:25:00.448, 13954, 98
2026/10/08 04:25:00.714, 13962, 98
2026/10/08 04:25:00.979, 13962, 97
2026/10/08 04:25:01.243, 13962, 97
2026/10/08 04:25:01.506, 13962, 98
2026/10/08 04:25:01.772, 13962, 98
2026/10/08 04:25:02.036, 13962, 99
2026/10/08 04:25:02.300, 13970, 99
2026/10/08 04:25:02.565, 13970, 98
2026/10/08 04:25:02.830, 13966, 98
2026/10/08 04:25:03.094, 13966, 98
2026/10/08 04:25:03.359, 13966, 98
2026/10/08 04:25:03.624, 13934, 98
2026/10/08 04:25:03.888, 13921, 98
2026/10/08 04:25:04.153, 13913, 98
2026/10/08 04:25:04.418, 13913, 98
2026/10/08 04:25:04.683, 13913, 98
2026/10/08 04:25:04.948, 13913, 96
2026/10/08 04:25:05.213, 13913, 96
2026/10/08 04:25:05.478, 13913, 98
2026/10/08 04:25:05.743, 13909, 98
2026/10/08 04:25:05.993, 13909, 98
2026/10/08 04:25:06.258, 13909, 98
2026/10/08 04:25:06.522, 13909, 98
2026/10/08 04:25:06.786, 13909, 98
2026/10/08 04:25:07.050, 13909, 97
2026/10/08 04:25:07.314, 13909, 97
2026/10/08 04:25:07.578, 13909, 97
2026/10/08 04:25:07.829, 13909, 97
2026/10/08 04:25:08.093, 13909, 98
2026/10/08 04:25:08.358, 13909, 98
2026/10/08 04:25:08.624, 13909, 97
2026/10/08 04:25:08.887, 13909, 97
2026/10/08 04:25:09.151, 13909, 97
2026/10/08 04:25:09.401, 13909, 97
2026/10/08 04:25:09.665, 13909, 97
2026/10/08 04:25:09.929, 13909, 96
2026/10/08 04:25:10.191, 13909, 96
2026/10/08 04:25:10.455, 13909, 98
2026/10/08 04:25:10.719, 13909, 98
2026/10/08 04:25:10.983, 13909, 98
2026/10/08 04:25:11.248, 13909, 98
2026/10/08 04:25:11.512, 13909, 97
2026/10/08 04:25:11.776, 13909, 97
2026/10/08 04:25:12.041, 13909, 98
2026/10/08 04:25:12.291, 13909, 98
2026/10/08 04:25:12.555, 13909, 89
2026/10/08 04:25:12.820, 13909, 89
2026/10/08 04:25:13.084, 13909, 98
2026/10/08 04:25:13.348, 13909, 98
2026/10/08 04:25:13.612, 13909, 99
2026/10/08 04:25:13.877, 13909, 99
2026/10/08 04:25:14.140, 13909, 98
2026/10/08 04:25:14.404, 13909, 97
2026/10/08 04:25:14.667, 13909, 97
2026/10/08 04:25:14.917, 13909, 97
2026/10/08 04:25:15.182, 13909, 97
2026/10/08 04:25:15.447, 13909, 97
2026/10/08 04:25:15.713, 13909, 97
2026/10/08 04:25:15.976, 13909, 98
2026/10/08 04:25:16.240, 13909, 98
2026/10/08 04:25:16.504, 13909, 97
2026/10/08 04:25:16.767, 13909, 97
2026/10/08 04:25:17.017, 13909, 98
2026/10/08 04:25:17.283, 13909, 98
2026/10/08 04:25:17.548, 13909, 98
2026/10/08 04:25:17.812, 13909, 98
2026/10/08 04:25:18.075, 13909, 98
2026/10/08 04:25:18.340, 13909, 98
2026/10/08 04:25:18.603, 13909, 98
2026/10/08 04:25:18.868, 13909, 98
2026/10/08 04:25:19.132, 13909, 98
2026/10/08 04:25:19.397, 13909, 98
2026/10/08 04:25:19.661, 13909, 98
2026/10/08 04:25:19.924, 13909, 98
2026/10/08 04:25:20.189, 13909, 98
2026/10/08 04:25:20.454, 13909, 98
2026/10/08 04:25:20.717, 13909, 98
2026/10/08 04:25:20.982, 13909, 97
2026/10/08 04:25:21.247, 13909, 97
2026/10/08 04:25:21.511, 13909, 98
2026/10/08 04:25:21.775, 13909, 98
2026/10/08 04:25:22.039, 13909, 98
2026/10/08 04:25:22.303, 13913, 98
2026/10/08 04:25:22.569, 13913, 98
2026/10/08 04:25:22.833, 13913, 98
2026/10/08 04:25:23.097, 13913, 96
2026/10/08 04:25:23.362, 13913, 96
2026/10/08 04:25:23.626, 13913, 98
2026/10/08 04:25:23.891, 13913, 98
2026/10/08 04:25:24.156, 13912, 97
2026/10/08 04:25:24.421, 13907, 98
2026/10/08 04:25:24.686, 13907, 98
2026/10/08 04:25:24.949, 13907, 98
2026/10/08 04:25:25.214, 13907, 98
2026/10/08 04:25:25.478, 13912, 98
2026/10/08 04:25:25.743, 13912, 98
2026/10/08 04:25:26.008, 13912, 98
2026/10/08 04:25:26.273, 13912, 98
2026/10/08 04:25:26.537, 13911, 98
2026/10/08 04:25:26.799, 13912, 98
2026/10/08 04:25:27.063, 13912, 98
2026/10/08 04:25:27.328, 13912, 98
2026/10/08 04:25:27.594, 13912, 98
2026/10/08 04:25:27.857, 13912, 98
2026/10/08 04:25:28.120, 13912, 98
2026/10/08 04:25:28.386, 13908, 98
2026/10/08 04:25:28.649, 13907, 98
2026/10/08 04:25:28.913, 13907, 97
2026/10/08 04:25:29.163, 13907, 97
2026/10/08 04:25:29.428, 13907, 97
2026/10/08 04:25:29.690, 13907, 97
2026/10/08 04:25:29.954, 13907, 97
2026/10/08 04:25:30.218, 13907, 97
2026/10/08 04:25:30.482, 13907, 97
2026/10/08 04:25:30.747, 13913, 97
2026/10/08 04:25:31.011, 13913, 98
2026/10/08 04:25:31.275, 13913, 98
2026/10/08 04:25:31.539, 13913, 97
2026/10/08 04:25:31.804, 13907, 97
2026/10/08 04:25:32.068, 13907, 97
2026/10/08 04:25:32.332, 13907, 97
2026/10/08 04:25:32.596, 13907, 98
2026/10/08 04:25:32.860, 13907, 98
2026/10/08 04:25:33.124, 13907, 98
2026/10/08 04:25:33.390, 13907, 98
2026/10/08 04:25:33.653, 13907, 98
2026/10/08 04:25:33.917, 13907, 98
2026/10/08 04:25:34.167, 13907, 98
2026/10/08 04:25:34.432, 13907, 98
2026/10/08 04:25:34.696, 13907, 98
2026/10/08 04:25:34.961, 13907, 98
2026/10/08 04:25:35.225, 13907, 98
2026/10/08 04:25:35.489, 13907, 99
2026/10/08 04:25:35.753, 13906, 99
2026/10/08 04:25:36.018, 13906, 98
2026/10/08 04:25:36.283, 13906, 98
2026/10/08 04:25:36.547, 13906, 98
2026/10/08 04:25:36.811, 13906, 98
2026/10/08 04:25:37.076, 13906, 98
2026/10/08 04:25:37.339, 13906, 98
2026/10/08 04:25:37.603, 13906, 95
2026/10/08 04:25:37.866, 13906, 95
2026/10/08 04:25:38.131, 13906, 97
2026/10/08 04:25:38.395, 13906, 97
2026/10/08 04:25:38.660, 13906, 97
2026/10/08 04:25:38.923, 13906, 97
2026/10/08 04:25:39.187, 13906, 97
2026/10/08 04:25:39.450, 13906, 98
2026/10/08 04:25:39.715, 13906, 98
2026/10/08 04:25:39.979, 13906, 98
2026/10/08 04:25:40.244, 13906, 98
2026/10/08 04:25:40.508, 13906, 98
2026/10/08 04:25:40.772, 13906, 98
2026/10/08 04:25:41.035, 13906, 98
2026/10/08 04:25:41.300, 13906, 98
2026/10/08 04:25:41.564, 13906, 98
2026/10/08 04:25:41.827, 13906, 98
2026/10/08 04:25:42.090, 13906, 98
2026/10/08 04:25:42.353, 13906, 98
2026/10/08 04:25:42.616, 13906, 96
2026/10/08 04:25:42.880, 13906, 96
2026/10/08 04:25:43.145, 13906, 98
2026/10/08 04:25:43.409, 13906, 97
2026/10/08 04:25:43.673, 13906, 97
2026/10/08 04:25:43.937, 13906, 98
2026/10/08 04:25:44.203, 13906, 98
2026/10/08 04:25:44.468, 13906, 98
2026/10/08 04:25:44.731, 13906, 98
2026/10/08 04:25:44.996, 13906, 97
2026/10/08 04:25:45.262, 2502, 97
2026/10/08 04:25:45.526, 2506, 5
2026/10/08 04:25:45.791, 2506, 5
2026/10/08 04:25:46.055, 2506, 10
2026/10/08 04:25:46.319, 2514, 10
2026/10/08 04:25:46.583, 2522, 5
2026/10/08 04:25:46.847, 2729, 5
2026/10/08 04:25:47.110, 4624, 5
2026/10/08 04:25:47.375, 11194, 5
2026/10/08 04:25:47.639, 11194, 37
2026/10/08 04:25:47.890, 11194, 37
2026/10/08 04:25:48.154, 11194, 39
2026/10/08 04:25:48.419, 12275, 33
2026/10/08 04:25:48.683, 13934, 33
2026/10/08 04:25:48.946, 13959, 8
2026/10/08 04:25:49.210, 13959, 8
2026/10/08 04:25:49.476, 13949, 99
2026/10/08 04:25:49.741, 13953, 99
2026/10/08 04:25:50.005, 13953, 100
2026/10/08 04:25:50.270, 13951, 100
2026/10/08 04:25:50.535, 13947, 98
2026/10/08 04:25:50.799, 13947, 98
2026/10/08 04:25:51.064, 13946, 97
2026/10/08 04:25:51.328, 13946, 97
2026/10/08 04:25:51.593, 13946, 98
2026/10/08 04:25:51.857, 13942, 98
2026/10/08 04:25:52.122, 13930, 97
2026/10/08 04:25:52.387, 13928, 97
2026/10/08 04:25:52.652, 13928, 98
2026/10/08 04:25:52.916, 13928, 97
2026/10/08 04:25:53.180, 13928, 97
2026/10/08 04:25:53.445, 13928, 97
2026/10/08 04:25:53.709, 13928, 97
2026/10/08 04:25:53.974, 13920, 98
2026/10/08 04:25:54.239, 13920, 98
2026/10/08 04:25:54.503, 13914, 97
2026/10/08 04:25:54.767, 13914, 97
2026/10/08 04:25:55.032, 13914, 97
2026/10/08 04:25:55.295, 13940, 97
2026/10/08 04:25:55.559, 13940, 97
2026/10/08 04:25:55.824, 13940, 97
2026/10/08 04:25:56.088, 13941, 98
2026/10/08 04:25:56.353, 13941, 98
2026/10/08 04:25:56.618, 13941, 96
2026/10/08 04:25:56.883, 13941, 96
2026/10/08 04:25:57.147, 13941, 98
2026/10/08 04:25:57.412, 13937, 98
2026/10/08 04:25:57.677, 13937, 98
2026/10/08 04:25:57.942, 13942, 98
2026/10/08 04:25:58.206, 13944, 98
2026/10/08 04:25:58.470, 13941, 96
2026/10/08 04:25:58.735, 13941, 96
2026/10/08 04:25:58.999, 13941, 98
2026/10/08 04:25:59.263, 13941, 98
2026/10/08 04:25:59.528, 13941, 97
2026/10/08 04:25:59.794, 13941, 97
2026/10/08 04:26:00.058, 13941, 97
2026/10/08 04:26:00.323, 13936, 97
2026/10/08 04:26:00.588, 13939, 96
2026/10/08 04:26:00.852, 13939, 96
2026/10/08 04:26:01.116, 13939, 97
2026/10/08 04:26:01.381, 13939, 97
2026/10/08 04:26:01.645, 13939, 96
2026/10/08 04:26:01.910, 13939, 97
2026/10/08 04:26:02.174, 13939, 97
2026/10/08 04:26:02.437, 13939, 96
2026/10/08 04:26:02.701, 13939, 96
2026/10/08 04:26:02.965, 13939, 97
2026/10/08 04:26:03.228, 13938, 97
2026/10/08 04:26:03.491, 13918, 97
2026/10/08 04:26:03.755, 13918, 97
2026/10/08 04:26:04.020, 13918, 97
2026/10/08 04:26:04.284, 13918, 97
2026/10/08 04:26:04.548, 13919, 98
2026/10/08 04:26:04.813, 13919, 98
2026/10/08 04:26:05.078, 13920, 98
2026/10/08 04:26:05.342, 13921, 98
2026/10/08 04:26:05.606, 13917, 97
2026/10/08 04:26:05.871, 13917, 97
2026/10/08 04:26:06.135, 13917, 98
2026/10/08 04:26:06.400, 13917, 98
2026/10/08 04:26:06.664, 13917, 98
2026/10/08 04:26:06.930, 8395, 98
2026/10/08 04:26:07.195, 2514, 98
2026/10/08 04:26:07.460, 2514, 5
2026/10/08 04:26:07.724, 2515, 5
2026/10/08 04:26:07.989, 2682, 5
2026/10/08 04:26:08.253, 2515, 5
2026/10/08 04:26:08.518, 2722, 5
2026/10/08 04:26:08.781, 2722, 5
2026/10/08 04:26:09.047, 11146, 6
2026/10/08 04:26:09.311, 11146, 6
2026/10/08 04:26:09.575, 11146, 36
2026/10/08 04:26:09.841, 11148, 36
2026/10/08 04:26:10.105, 11148, 21
2026/10/08 04:26:10.370, 11148, 21
2026/10/08 04:26:10.636, 11148, 23
2026/10/08 04:26:10.900, 13004, 23
2026/10/08 04:26:11.164, 13894, 7
2026/10/08 04:26:11.430, 13910, 7
2026/10/08 04:26:11.695, 13920, 7
2026/10/08 04:26:11.960, 13920, 99
2026/10/08 04:26:12.225, 13920, 99
2026/10/08 04:26:12.490, 13920, 99
2026/10/08 04:26:12.764, 13920, 99
2026/10/08 04:26:13.033, 13920, 96
2026/10/08 04:26:13.303, 13920, 96
2026/10/08 04:26:13.562, 13920, 96
2026/10/08 04:26:13.833, 13920, 96
2026/10/08 04:26:14.092, 13920, 95
2026/10/08 04:26:14.357, 13920, 95
2026/10/08 04:26:14.622, 13920, 97
2026/10/08 04:26:14.887, 13920, 97
2026/10/08 04:26:15.151, 13920, 98
2026/10/08 04:26:15.415, 13919, 97
2026/10/08 04:26:15.681, 13915, 97
2026/10/08 04:26:15.945, 13915, 98
2026/10/08 04:26:16.210, 13915, 98
2026/10/08 04:26:16.474, 13915, 97
2026/10/08 04:26:16.739, 13915, 97
2026/10/08 04:26:17.003, 13915, 97
2026/10/08 04:26:17.267, 13915, 97
2026/10/08 04:26:17.532, 13915, 98
2026/10/08 04:26:17.795, 13915, 98
2026/10/08 04:26:18.060, 13935, 97
2026/10/08 04:26:18.323, 13935, 97
2026/10/08 04:26:18.588, 13935, 98
2026/10/08 04:26:18.839, 13935, 98
2026/10/08 04:26:19.105, 13935, 98
2026/10/08 04:26:19.369, 13935, 98
2026/10/08 04:26:19.632, 13935, 98
2026/10/08 04:26:19.897, 13935, 98
2026/10/08 04:26:20.161, 13935, 98
2026/10/08 04:26:20.425, 13931, 98
2026/10/08 04:26:20.689, 13931, 98
2026/10/08 04:26:20.954, 13931, 98
2026/10/08 04:26:21.218, 13931, 98
2026/10/08 04:26:21.482, 13931, 97
2026/10/08 04:26:21.747, 13931, 97
2026/10/08 04:26:22.012, 13931, 97
2026/10/08 04:26:22.277, 13931, 97
2026/10/08 04:26:22.542, 13931, 98
2026/10/08 04:26:22.807, 13931, 98
2026/10/08 04:26:23.070, 13913, 97
2026/10/08 04:26:23.334, 13913, 97
2026/10/08 04:26:23.599, 13913, 97
2026/10/08 04:26:23.863, 13913, 97
2026/10/08 04:26:24.128, 13913, 98
2026/10/08 04:26:24.378, 13917, 98
2026/10/08 04:26:24.642, 13917, 98
2026/10/08 04:26:24.907, 13917, 98
2026/10/08 04:26:25.171, 13917, 96
2026/10/08 04:26:25.435, 13917, 97
2026/10/08 04:26:25.698, 13917, 97
2026/10/08 04:26:25.963, 13917, 97
2026/10/08 04:26:26.228, 13917, 97
2026/10/08 04:26:26.492, 13913, 98
2026/10/08 04:26:26.757, 13913, 98
2026/10/08 04:26:27.023, 13913, 98
2026/10/08 04:26:27.287, 13913, 98
2026/10/08 04:26:27.551, 13913, 98
2026/10/08 04:26:27.802, 13914, 98
2026/10/08 04:26:28.066, 13914, 98
2026/10/08 04:26:28.330, 13914, 98
2026/10/08 04:26:28.595, 13914, 98
2026/10/08 04:26:28.859, 13914, 98
2026/10/08 04:26:29.123, 13914, 98
2026/10/08 04:26:29.388, 13914, 98
2026/10/08 04:26:29.652, 13914, 98
2026/10/08 04:26:29.916, 2510, 6
2026/10/08 04:26:30.181, 2671, 6
