2026/10/07 01:56:01.707, 2223, 7
2026/10/07 01:56:01.971, 2224, 7
2026/10/07 01:56:02.234, 2218, 7
2026/10/07 01:56:02.497, 2218, 9
2026/10/07 01:56:02.761, 2218, 9
2026/10/07 01:56:03.025, 2218, 6
2026/10/07 01:56:03.289, 2218, 6
2026/10/07 01:56:03.552, 2220, 8
2026/10/07 01:56:03.817, 2426, 8
2026/10/07 01:56:04.081, 2426, 15
2026/10/07 01:56:04.345, 2429, 15
2026/10/07 01:56:04.610, 10853, 8
2026/10/07 01:56:04.875, 10853, 8
2026/10/07 01:56:05.139, 10853, 43
2026/10/07 01:56:05.403, 10853, 43
2026/10/07 01:56:05.667, 11651, 37
2026/10/07 01:56:05.931, 13565, 37
2026/10/07 01:56:06.195, 13589, 53
2026/10/07 01:56:06.460, 13588, 100
2026/10/07 01:56:06.724, 13588, 100
2026/10/07 01:56:06.988, 13588, 92
2026/10/07 01:56:07.252, 13588, 92
2026/10/07 01:56:07.517, 13588, 98
2026/10/07 01:56:07.782, 13588, 98
2026/10/07 01:56:08.045, 13588, 98
2026/10/07 01:56:08.309, 2185, 98
2026/10/07 01:56:08.573, 2194, 6
2026/10/07 01:56:08.837, 2392, 6
2026/10/07 01:56:09.100, 2392, 11
2026/10/07 01:56:09.365, 2590, 11
2026/10/07 01:56:09.629, 10807, 11
2026/10/07 01:56:09.893, 10807, 11
2026/10/07 01:56:10.158, 10807, 43
2026/10/07 01:56:10.422, 10807, 43
2026/10/07 01:56:10.687, 10807, 35
2026/10/07 01:56:10.951, 13562, 28
2026/10/07 01:56:11.214, 13582, 28
2026/10/07 01:56:11.477, 13616, 100
2026/10/07 01:56:11.742, 13616, 100
2026/10/07 01:56:12.006, 13616, 99
2026/10/07 01:56:12.271, 13616, 99
2026/10/07 01:56:12.536, 13616, 97
2026/10/07 01:56:12.798, 13616, 97
2026/10/07 01:56:13.062, 13616, 98
2026/10/07 01:56:13.328, 13608, 98
2026/10/07 01:56:13.592, 2205, 99
2026/10/07 01:56:13.856, 2205, 99
2026/10/07 01:56:14.120, 2214, 7
2026/10/07 01:56:14.383, 2229, 7
2026/10/07 01:56:14.647, 2229, 8
2026/10/07 01:56:14.911, 2229, 8
2026/10/07 01:56:15.176, 2229, 7
2026/10/07 01:56:15.440, 2229, 7
2026/10/07 01:56:15.703, 2229, 7
2026/10/07 01:56:15.967, 2229, 7
2026/10/07 01:56:16.231, 2224, 7
2026/10/07 01:56:16.494, 2224, 8
2026/10/07 01:56:16.757, 2224, 8
2026/10/07 01:56:17.022, 2233, 7
2026/10/07 01:56:17.286, 2430, 7
2026/10/07 01:56:17.549, 2430, 8
2026/10/07 01:56:17.814, 2430, 8
2026/10/07 01:56:18.079, 10854, 58
2026/10/07 01:56:18.344, 10854, 58
2026/10/07 01:56:18.608, 10854, 42
2026/10/07 01:56:18.872, 10854, 42
2026/10/07 01:56:19.137, 13414, 39
2026/10/07 01:56:19.400, 13614, 39
2026/10/07 01:56:19.666, 13603, 10
2026/10/07 01:56:19.931, 13603, 10
2026/10/07 01:56:20.196, 13605, 83
2026/10/07 01:56:20.460, 13605, 98
2026/10/07 01:56:20.723, 13605, 98
2026/10/07 01:56:20.987, 13605, 98
2026/10/07 01:56:21.251, 13605, 98
2026/10/07 01:56:21.516, 13605, 70
2026/10/07 01:56:21.781, 13605, 70
2026/10/07 01:56:22.032, 13605, 97
2026/10/07 01:56:22.296, 13605, 97
2026/10/07 01:56:22.560, 13604, 98
2026/10/07 01:56:22.825, 13604, 98
2026/10/07 01:56:23.089, 13603, 98
2026/10/07 01:56:23.355, 13603, 98
2026/10/07 01:56:23.619, 13603, 82
2026/10/07 01:56:23.884, 13603, 82
2026/10/07 01:56:24.148, 13603, 97
2026/10/07 01:56:24.411, 13603, 97
2026/10/07 01:56:24.676, 13599, 96
2026/10/07 01:56:24.939, 13599, 96
2026/10/07 01:56:25.203, 13599, 98
2026/10/07 01:56:25.469, 13599, 97
2026/10/07 01:56:25.733, 13599, 97
2026/10/07 01:56:25.998, 13599, 97
2026/10/07 01:56:26.262, 13599, 97
2026/10/07 01:56:26.525, 13604, 98
2026/10/07 01:56:26.788, 13604, 98
2026/10/07 01:56:27.053, 13607, 97
2026/10/07 01:56:27.317, 13616, 97
2026/10/07 01:56:27.581, 13619, 97
2026/10/07 01:56:27.845, 13619, 97
2026/10/07 01:56:28.109, 13619, 98
2026/10/07 01:56:28.373, 13619, 98
2026/10/07 01:56:28.639, 13619, 97
2026/10/07 01:56:28.903, 2216, 97
2026/10/07 01:56:29.168, 2214, 6
2026/10/07 01:56:29.432, 2213, 6
2026/10/07 01:56:29.695, 2212, 6
2026/10/07 01:56:29.961, 2212, 6
2026/10/07 01:56:30.225, 2212, 6
2026/10/07 01:56:30.489, 2222, 7
2026/10/07 01:56:30.754, 2222, 7
2026/10/07 01:56:31.018, 2224, 6
2026/10/07 01:56:31.283, 2224, 6
2026/10/07 01:56:31.547, 2224, 7
2026/10/07 01:56:31.810, 2224, 7
2026/10/07 01:56:32.074, 2224, 6
2026/10/07 01:56:32.337, 2224, 6
2026/10/07 01:56:32.600, 2224, 6
2026/10/07 01:56:32.865, 2224, 6
2026/10/07 01:56:33.129, 2223, 6
2026/10/07 01:56:33.394, 2219, 6
2026/10/07 01:56:33.658, 2219, 6
2026/10/07 01:56:33.920, 2219, 6
2026/10/07 01:56:34.183, 2219, 6
2026/10/07 01:56:34.447, 2219, 6
2026/10/07 01:56:34.711, 2219, 6
2026/10/07 01:56:34.976, 2219, 6
2026/10/07 01:56:35.239, 2219, 6
2026/10/07 01:56:35.502, 2219, 7
2026/10/07 01:56:35.765, 2219, 7
2026/10/07 01:56:36.029, 2219, 6
2026/10/07 01:56:36.292, 2207, 6
2026/10/07 01:56:36.555, 2207, 6
2026/10/07 01:56:36.817, 2214, 6
2026/10/07 01:56:37.082, 3158, 7
2026/10/07 01:56:37.347, 3158, 7
2026/10/07 01:56:37.598, 4096, 18
2026/10/07 01:56:37.848, 5034, 18
2026/10/07 01:56:38.113, 5994, 30
2026/10/07 01:56:38.377, 7022, 30
2026/10/07 01:56:38.641, 7982, 35
2026/10/07 01:56:38.905, 9276, 35
2026/10/07 01:56:39.170, 9282, 28
2026/10/07 01:56:39.435, 10668, 28
2026/10/07 01:56:39.698, 10680, 36
2026/10/07 01:56:39.962, 10696, 13
2026/10/07 01:56:40.226, 10802, 13
2026/10/07 01:56:40.491, 10758, 34
2026/10/07 01:56:40.757, 10762, 34
2026/10/07 01:56:41.022, 10762, 92
2026/10/07 01:56:41.273, 10762, 92
2026/10/07 01:56:41.537, 10762, 86
2026/10/07 01:56:41.788, 10762, 86
2026/10/07 01:56:42.052, 10761, 92
2026/10/07 01:56:42.317, 10761, 92
2026/10/07 01:56:42.581, 10761, 91
2026/10/07 01:56:42.846, 10761, 91
2026/10/07 01:56:43.111, 10768, 91
2026/10/07 01:56:43.375, 10779, 91
2026/10/07 01:56:43.625, 10779, 89
2026/10/07 01:56:43.889, 10779, 89
2026/10/07 01:56:44.154, 10779, 90
2026/10/07 01:56:44.419, 10779, 90
2026/10/07 01:56:44.683, 10779, 94
2026/10/07 01:56:44.948, 10779, 91
2026/10/07 01:56:45.213, 10776, 91
2026/10/07 01:56:45.478, 10776, 89
2026/10/07 01:56:45.743, 10775, 89
2026/10/07 01:56:45.996, 10775, 92
2026/10/07 01:56:46.261, 10775, 92
2026/10/07 01:56:46.525, 10775, 91
2026/10/07 01:56:46.775, 10775, 91
2026/10/07 01:56:47.026, 10775, 91
2026/10/07 01:56:47.291, 10775, 91
2026/10/07 01:56:47.556, 10775, 88
2026/10/07 01:56:47.806, 10775, 88
2026/10/07 01:56:48.056, 10772, 95
2026/10/07 01:56:48.321, 10772, 95
2026/10/07 01:56:48.587, 10772, 90
2026/10/07 01:56:48.838, 10759, 90
2026/10/07 01:56:49.102, 10754, 94
2026/10/07 01:56:49.368, 10754, 94
2026/10/07 01:56:49.632, 10754, 93
2026/10/07 01:56:49.898, 10754, 93
2026/10/07 01:56:50.162, 10754, 93
2026/10/07 01:56:50.428, 10754, 93
2026/10/07 01:56:50.692, 10754, 75
2026/10/07 01:56:50.957, 10754, 94
2026/10/07 01:56:51.212, 10754, 94
2026/10/07 01:56:51.476, 10754, 91
2026/10/07 01:56:51.741, 10754, 91
2026/10/07 01:56:51.991, 10760, 77
2026/10/07 01:56:52.256, 10760, 77
2026/10/07 01:56:52.520, 10760, 78
2026/10/07 01:56:52.784, 10760, 78
2026/10/07 01:56:53.048, 10760, 80
2026/10/07 01:56:53.311, 10760, 80
2026/10/07 01:56:53.575, 10760, 94
2026/10/07 01:56:53.841, 10760, 94
2026/10/07 01:56:54.105, 10760, 82
2026/10/07 01:56:54.357, 10760, 82
2026/10/07 01:56:54.621, 10760, 94
2026/10/07 01:56:54.873, 10760, 94
2026/10/07 01:56:55.138, 10760, 92
2026/10/07 01:56:55.388, 10760, 92
2026/10/07 01:56:55.653, 10760, 84
2026/10/07 01:56:55.919, 10760, 84
2026/10/07 01:56:56.183, 10760, 93
2026/10/07 01:56:56.433, 10760, 93
2026/10/07 01:56:56.699, 10760, 93
2026/10/07 01:56:56.952, 10760, 94
2026/10/07 01:56:57.203, 10760, 94
2026/10/07 01:56:57.453, 10760, 92
2026/10/07 01:56:57.704, 10760, 92
2026/10/07 01:56:57.955, 10760, 93
2026/10/07 01:56:58.220, 10760, 93
2026/10/07 01:56:58.470, 10775, 93
2026/10/07 01:56:58.720, 10775, 93
2026/10/07 01:56:58.985, 10775, 94
2026/10/07 01:56:59.251, 10777, 94
2026/10/07 01:56:59.516, 10777, 77
2026/10/07 01:56:59.781, 10777, 77
2026/10/07 01:57:00.047, 10777, 77
2026/10/07 01:57:00.298, 10777, 77
2026/10/07 01:57:00.564, 10777, 92
2026/10/07 01:57:00.815, 10777, 92
2026/10/07 01:57:01.080, 10777, 94
2026/10/07 01:57:01.344, 10775, 94
2026/10/07 01:57:01.609, 10774, 79
2026/10/07 01:57:01.873, 10773, 79
2026/10/07 01:57:02.138, 10773, 95
2026/10/07 01:57:02.394, 10773, 95
2026/10/07 01:57:02.659, 10773, 94
2026/10/07 01:57:02.923, 10773, 94
2026/10/07 01:57:03.187, 10773, 94
2026/10/07 01:57:03.439, 10767, 94
2026/10/07 01:57:03.689, 10767, 91
2026/10/07 01:57:03.939, 10767, 91
2026/10/07 01:57:04.190, 10765, 92
2026/10/07 01:57:04.440, 10758, 92
2026/10/07 01:57:04.706, 10758, 94
2026/10/07 01:57:04.956, 10758, 94
2026/10/07 01:57:05.221, 10753, 94
2026/10/07 01:57:05.486, 10753, 93
2026/10/07 01:57:05.750, 10753, 93
2026/10/07 01:57:06.002, 10753, 94
2026/10/07 01:57:06.252, 10753, 94
2026/10/07 01:57:06.517, 10753, 94
2026/10/07 01:57:06.781, 10760, 94
2026/10/07 01:57:07.046, 10760, 92
2026/10/07 01:57:07.300, 10760, 92
2026/10/07 01:57:07.550, 10760, 95
2026/10/07 01:57:07.801, 10760, 95
2026/10/07 01:57:08.066, 10760, 94
2026/10/07 01:57:08.331, 10760, 94
2026/10/07 01:57:08.581, 10760, 93
2026/10/07 01:57:08.847, 10760, 93
2026/10/07 01:57:09.112, 10760, 92
2026/10/07 01:57:09.377, 10760, 92
2026/10/07 01:57:09.642, 10760, 93
2026/10/07 01:57:09.907, 10760, 93
2026/10/07 01:57:10.172, 10760, 94
2026/10/07 01:57:10.437, 10760, 94
2026/10/07 01:57:10.701, 10760, 94
2026/10/07 01:57:10.966, 10760, 91
2026/10/07 01:57:11.231, 10760, 91
2026/10/07 01:57:11.497, 10760, 93
2026/10/07 01:57:11.762, 10753, 93
2026/10/07 01:57:12.026, 10753, 76
2026/10/07 01:57:12.290, 10753, 76
2026/10/07 01:57:12.555, 10753, 84
2026/10/07 01:57:12.819, 10753, 84
2026/10/07 01:57:13.084, 10753, 86
2026/10/07 01:57:13.350, 10753, 86
2026/10/07 01:57:13.616, 10753, 88
2026/10/07 01:57:13.869, 10753, 88
2026/10/07 01:57:14.133, 10753, 94
2026/10/07 01:57:14.384, 10775, 94
2026/10/07 01:57:14.634, 10775, 86
2026/10/07 01:57:14.899, 10775, 86
2026/10/07 01:57:15.165, 10777, 86
2026/10/07 01:57:15.430, 10777, 86
2026/10/07 01:57:15.695, 10777, 87
2026/10/07 01:57:15.960, 10778, 93
2026/10/07 01:57:16.226, 10774, 93
2026/10/07 01:57:16.492, 10774, 94
2026/10/07 01:57:16.743, 10774, 94
2026/10/07 01:57:17.008, 10774, 93
2026/10/07 01:57:17.274, 10774, 93
2026/10/07 01:57:17.538, 10774, 94
2026/10/07 01:57:17.789, 10774, 94
2026/10/07 01:57:18.054, 10774, 94
2026/10/07 01:57:18.319, 10774, 94
2026/10/07 01:57:18.584, 10777, 93
2026/10/07 01:57:18.849, 10777, 93
2026/10/07 01:57:19.114, 10777, 93
2026/10/07 01:57:19.379, 10777, 93
2026/10/07 01:57:19.644, 10777, 93
2026/10/07 01:57:19.897, 10777, 93
2026/10/07 01:57:20.161, 10775, 90
2026/10/07 01:57:20.412, 10774, 90
2026/10/07 01:57:20.677, 10774, 89
2026/10/07 01:57:20.928, 10774, 89
2026/10/07 01:57:21.193, 10774, 94
2026/10/07 01:57:21.456, 10774, 76
2026/10/07 01:57:21.722, 10774, 76
2026/10/07 01:57:21.986, 10774, 76
2026/10/07 01:57:22.250, 10774, 76
2026/10/07 01:57:22.501, 10774, 81
2026/10/07 01:57:22.765, 10774, 81
2026/10/07 01:57:23.030, 10774, 91
2026/10/07 01:57:23.282, 10773, 91
2026/10/07 01:57:23.533, 10753, 94
2026/10/07 01:57:23.797, 10753, 94
2026/10/07 01:57:24.062, 10753, 81
2026/10/07 01:57:24.326, 10753, 81
2026/10/07 01:57:24.591, 10753, 80
2026/10/07 01:57:24.856, 10753, 80
2026/10/07 01:57:25.121, 10753, 77
2026/10/07 01:57:25.386, 10753, 77
2026/10/07 01:57:25.650, 10753, 80
2026/10/07 01:57:25.915, 10753, 80
2026/10/07 01:57:26.179, 10753, 92
2026/10/07 01:57:26.431, 10753, 92
2026/10/07 01:57:26.696, 10760, 93
2026/10/07 01:57:26.961, 11036, 100
2026/10/07 01:57:27.226, 11036, 100
2026/10/07 01:57:27.491, 11036, 99
2026/10/07 01:57:27.756, 11036, 99
2026/10/07 01:57:28.020, 11036, 99
2026/10/07 01:57:28.286, 11036, 99
2026/10/07 01:57:28.552, 11036, 100
2026/10/07 01:57:28.816, 11036, 100
2026/10/07 01:57:29.080, 11036, 99
2026/10/07 01:57:29.345, 11036, 99
2026/10/07 01:57:29.595, 11036, 99
2026/10/07 01:57:29.860, 11036, 99
2026/10/07 01:57:30.125, 11036, 100
2026/10/07 01:57:30.390, 11036, 100
2026/10/07 01:57:30.640, 11036, 99
2026/10/07 01:57:30.906, 11036, 99
2026/10/07 01:57:31.172, 11036, 99
2026/10/07 01:57:31.437, 11036, 99
2026/10/07 01:57:31.702, 11036, 99
2026/10/07 01:57:31.968, 11036, 100
2026/10/07 01:57:32.232, 11036, 100
2026/10/07 01:57:32.496, 11036, 99
2026/10/07 01:57:32.760, 11036, 99
2026/10/07 01:57:33.026, 11036, 99
2026/10/07 01:57:33.277, 11036, 99
2026/10/07 01:57:33.542, 11036, 100
2026/10/07 01:57:33.792, 11036, 100
2026/10/07 01:57:34.057, 11036, 99
2026/10/07 01:57:34.323, 11036, 99
2026/10/07 01:57:34.589, 11036, 99
2026/10/07 01:57:34.853, 11036, 99
2026/10/07 01:57:35.118, 11036, 99
2026/10/07 01:57:35.383, 11036, 99
2026/10/07 01:57:35.634, 11036, 98
2026/10/07 01:57:35.899, 11036, 98
2026/10/07 01:57:36.164, 11036, 99
2026/10/07 01:57:36.429, 11036, 99
2026/10/07 01:57:36.694, 11036, 100
2026/10/07 01:57:36.947, 11036, 100
2026/10/07 01:57:37.212, 11036, 100
2026/10/07 01:57:37.478, 11038, 98
2026/10/07 01:57:37.742, 11038, 98
2026/10/07 01:57:37.994, 11038, 99
2026/10/07 01:57:38.245, 11038, 99
2026/10/07 01:57:38.496, 11038, 100
2026/10/07 01:57:38.760, 11038, 100
2026/10/07 01:57:39.025, 11038, 99
2026/10/07 01:57:39.289, 11038, 99
2026/10/07 01:57:39.555, 11038, 99
2026/10/07 01:57:39.820, 11038, 99
2026/10/07 01:57:40.086, 11038, 100
2026/10/07 01:57:40.351, 11038, 100
2026/10/07 01:57:40.616, 11038, 100
2026/10/07 01:57:40.881, 11037, 100
2026/10/07 01:57:41.132, 11037, 98
2026/10/07 01:57:41.396, 11037, 98
2026/10/07 01:57:41.648, 11037, 100
2026/10/07 01:57:41.913, 11037, 100
2026/10/07 01:57:42.163, 11037, 100
2026/10/07 01:57:42.429, 11037, 100
2026/10/07 01:57:42.693, 11023, 97
2026/10/07 01:57:42.958, 11023, 99
2026/10/07 01:57:43.222, 11023, 99
2026/10/07 01:57:43.476, 11023, 100
2026/10/07 01:57:43.726, 11023, 100
2026/10/07 01:57:43.991, 11023, 100
2026/10/07 01:57:44.243, 11023, 100
2026/10/07 01:57:44.508, 11023, 98
2026/10/07 01:57:44.773, 11023, 98
2026/10/07 01:57:45.027, 11023, 99
2026/10/07 01:57:45.279, 11023, 99
2026/10/07 01:57:45.530, 11023, 100
2026/10/07 01:57:45.795, 11023, 100
2026/10/07 01:57:46.059, 11023, 28
2026/10/07 01:57:46.324, 11023, 28
2026/10/07 01:57:46.588, 11023, 10
2026/10/07 01:57:46.852, 11023, 10
2026/10/07 01:57:47.118, 11023, 10
2026/10/07 01:57:47.383, 11023, 10
2026/10/07 01:57:47.648, 11023, 11
2026/10/07 01:57:47.912, 11023, 11
2026/10/07 01:57:48.176, 11023, 10
2026/10/07 01:57:48.441, 11023, 10
2026/10/07 01:57:48.705, 11023, 11
2026/10/07 01:57:48.970, 11023, 10
2026/10/07 01:57:49.235, 11023, 10
2026/10/07 01:57:49.499, 11029, 10
2026/10/07 01:57:49.763, 11029, 10
2026/10/07 01:57:50.015, 11029, 10
2026/10/07 01:57:50.279, 11029, 10
2026/10/07 01:57:50.529, 11029, 11
2026/10/07 01:57:50.780, 11029, 11
2026/10/07 01:57:51.046, 11029, 11
2026/10/07 01:57:51.311, 11029, 11
2026/10/07 01:57:51.575, 11029, 10
2026/10/07 01:57:51.840, 11029, 10
2026/10/07 01:57:52.105, 2577, 11
2026/10/07 01:57:52.370, 2577, 11
2026/10/07 01:57:52.634, 2577, 5
2026/10/07 01:57:52.898, 2987, 5
2026/10/07 01:57:53.161, 7063, 7
2026/10/07 01:57:53.426, 7063, 7
2026/10/07 01:57:53.690, 9297, 100
2026/10/07 01:57:53.945, 9297, 100
2026/10/07 01:57:54.211, 9297, 100
2026/10/07 01:57:54.463, 9297, 94
2026/10/07 01:57:54.714, 9297, 94
2026/10/07 01:57:54.965, 2979, 12
2026/10/07 01:57:55.230, 2979, 12
2026/10/07 01:57:55.494, 2979, 6
2026/10/07 01:57:55.758, 2979, 6
2026/10/07 01:57:56.022, 2979, 6
2026/10/07 01:57:56.287, 2979, 6
2026/10/07 01:57:56.550, 2979, 6
2026/10/07 01:57:56.815, 3001, 6
2026/10/07 01:57:57.080, 2989, 15
2026/10/07 01:57:57.344, 2989, 15
2026/10/07 01:57:57.594, 3187, 7
2026/10/07 01:57:57.859, 3442, 7
2026/10/07 01:57:58.124, 11610, 6
2026/10/07 01:57:58.389, 11610, 6
2026/10/07 01:57:58.639, 11610, 39
2026/10/07 01:57:58.903, 11610, 39
2026/10/07 01:57:59.168, 11610, 33
2026/10/07 01:57:59.432, 14358, 33
2026/10/07 01:57:59.697, 14384, 34
2026/10/07 01:57:59.962, 14384, 99
2026/10/07 01:58:00.212, 14384, 99
2026/10/07 01:58:00.475, 14384, 80
2026/10/07 01:58:00.740, 14384, 80
2026/10/07 01:58:01.005, 14384, 98
2026/10/07 01:58:01.270, 14384, 98
2026/10/07 01:58:01.535, 2982, 98
2026/10/07 01:58:01.799, 2980, 98
2026/10/07 01:58:02.064, 2980, 6
2026/10/07 01:58:02.328, 2980, 6
2026/10/07 01:58:02.591, 3348, 6
2026/10/07 01:58:02.855, 3188, 6
2026/10/07 01:58:03.121, 11612, 84
2026/10/07 01:58:03.386, 11612, 84
2026/10/07 01:58:03.651, 11612, 38
2026/10/07 01:58:03.915, 11612, 38
2026/10/07 01:58:04.180, 11611, 36
2026/10/07 01:58:04.444, 14353, 36
2026/10/07 01:58:04.710, 14379, 27
2026/10/07 01:58:04.975, 14379, 100
2026/10/07 01:58:05.238, 14379, 100
2026/10/07 01:58:05.501, 14385, 93
2026/10/07 01:58:05.767, 14385, 93
2026/10/07 01:58:06.032, 14388, 98
2026/10/07 01:58:06.296, 14388, 98
2026/10/07 01:58:06.559, 14388, 98
2026/10/07 01:58:06.823, 14389, 98
2026/10/07 01:58:07.086, 2985, 7
2026/10/07 01:58:07.350, 3192, 7
2026/10/07 01:58:07.615, 3146, 7
2026/10/07 01:58:07.879, 2985, 7
2026/10/07 01:58:08.144, 2985, 7
2026/10/07 01:58:08.409, 2985, 7
2026/10/07 01:58:08.674, 2986, 5
2026/10/07 01:58:08.938, 2986, 5
2026/10/07 01:58:09.202, 2986, 7
2026/10/07 01:58:09.467, 2985, 5
2026/10/07 01:58:09.731, 2985, 5
2026/10/07 01:58:09.995, 2985, 6
2026/10/07 01:58:10.259, 2985, 6
2026/10/07 01:58:10.523, 2980, 6
2026/10/07 01:58:10.786, 2980, 6
2026/10/07 01:58:11.050, 2980, 6
2026/10/07 01:58:11.313, 2980, 6
2026/10/07 01:58:11.578, 2980, 6
2026/10/07 01:58:11.843, 2980, 6
2026/10/07 01:58:12.106, 2980, 6
2026/10/07 01:58:12.369, 2980, 6
2026/10/07 01:58:12.636, 2980, 6
2026/10/07 01:58:12.897, 2980, 6
2026/10/07 01:58:13.160, 2980, 6
2026/10/07 01:58:13.424, 2980, 6
2026/10/07 01:58:13.688, 2980, 6
2026/10/07 01:58:13.938, 2980, 6
2026/10/07 01:58:14.204, 2980, 6
2026/10/07 01:58:14.468, 2980, 6
2026/10/07 01:58:14.733, 2980, 6
2026/10/07 01:58:14.998, 2980, 6
2026/10/07 01:58:15.263, 2980, 6
2026/10/07 01:58:15.528, 2980, 6
2026/10/07 01:58:15.793, 2974, 6
2026/10/07 01:58:16.043, 2974, 6
2026/10/07 01:58:16.307, 3585, 6
2026/10/07 01:58:16.573, 5727, 56
2026/10/07 01:58:16.838, 5800, 56
2026/10/07 01:58:17.102, 5806, 6
2026/10/07 01:58:17.366, 5806, 6
2026/10/07 01:58:17.631, 5806, 6
2026/10/07 01:58:17.896, 5806, 6
2026/10/07 01:58:18.161, 5806, 6
2026/10/07 01:58:18.424, 6682, 6
2026/10/07 01:58:18.687, 6692, 24
2026/10/07 01:58:18.952, 6698, 24
2026/10/07 01:58:19.215, 6698, 13
2026/10/07 01:58:19.479, 6702, 100
2026/10/07 01:58:19.744, 6704, 100
2026/10/07 01:58:20.008, 6706, 43
2026/10/07 01:58:20.274, 6706, 43
2026/10/07 01:58:20.538, 6708, 47
2026/10/07 01:58:20.804, 6710, 47
2026/10/07 01:58:21.069, 6710, 20
2026/10/07 01:58:21.334, 6710, 20
2026/10/07 01:58:21.599, 6712, 46
2026/10/07 01:58:21.863, 6714, 46
2026/10/07 01:58:22.127, 6718, 46
2026/10/07 01:58:22.391, 6720, 46
2026/10/07 01:58:22.657, 6720, 42
2026/10/07 01:58:22.922, 6722, 42
2026/10/07 01:58:23.186, 6722, 19
2026/10/07 01:58:23.451, 6722, 19
2026/10/07 01:58:23.716, 6722, 19
2026/10/07 01:58:23.981, 6722, 18
2026/10/07 01:58:24.231, 6722, 18
2026/10/07 01:58:24.496, 6728, 28
2026/10/07 01:58:24.760, 6728, 28
2026/10/07 01:58:25.024, 6728, 18
2026/10/07 01:58:25.275, 6728, 18
2026/10/07 01:58:25.540, 6728, 36
2026/10/07 01:58:25.790, 6728, 36
2026/10/07 01:58:26.056, 6730, 46
2026/10/07 01:58:26.320, 6730, 46
2026/10/07 01:58:26.585, 6730, 31
2026/10/07 01:58:26.850, 6730, 31
2026/10/07 01:58:27.115, 6730, 46
2026/10/07 01:58:27.365, 6730, 46
2026/10/07 01:58:27.631, 6730, 47
2026/10/07 01:58:27.896, 6748, 47
2026/10/07 01:58:28.160, 6748, 28
2026/10/07 01:58:28.425, 6748, 28
2026/10/07 01:58:28.688, 6740, 6
2026/10/07 01:58:28.952, 3000, 6
2026/10/07 01:58:29.214, 3010, 7
2026/10/07 01:58:29.478, 3010, 6
2026/10/07 01:58:29.740, 3010, 6
2026/10/07 01:58:30.004, 3021, 7
2026/10/07 01:58:30.269, 3011, 7
2026/10/07 01:58:30.533, 3012, 17
2026/10/07 01:58:30.797, 3219, 17
2026/10/07 01:58:31.060, 3219, 7
2026/10/07 01:58:31.325, 11642, 7
2026/10/07 01:58:31.589, 11643, 42
2026/10/07 01:58:31.853, 11643, 42
2026/10/07 01:58:32.118, 11640, 36
2026/10/07 01:58:32.382, 11639, 36
2026/10/07 01:58:32.646, 14385, 39
2026/10/07 01:58:32.910, 14408, 39
2026/10/07 01:58:33.174, 14408, 89
2026/10/07 01:58:33.440, 14404, 89
2026/10/07 01:58:33.704, 14404, 84
2026/10/07 01:58:33.969, 14405, 98
2026/10/07 01:58:34.232, 14405, 98
2026/10/07 01:58:34.496, 14404, 98
2026/10/07 01:58:34.761, 14405, 98
2026/10/07 01:58:35.024, 14405, 98
2026/10/07 01:58:35.288, 14405, 98
2026/10/07 01:58:35.552, 14405, 98
2026/10/07 01:58:35.816, 14405, 98
2026/10/07 01:58:36.081, 14405, 98
2026/10/07 01:58:36.345, 14405, 98
2026/10/07 01:58:36.610, 14405, 98
2026/10/07 01:58:36.874, 14405, 98
2026/10/07 01:58:37.138, 14405, 98
2026/10/07 01:58:37.403, 14412, 98
2026/10/07 01:58:37.669, 14412, 82
2026/10/07 01:58:37.932, 14412, 82
2026/10/07 01:58:38.195, 14412, 98
2026/10/07 01:58:38.459, 14412, 98
2026/10/07 01:58:38.724, 14412, 98
2026/10/07 01:58:38.987, 14412, 98
2026/10/07 01:58:39.252, 14411, 98
2026/10/07 01:58:39.517, 14411, 97
2026/10/07 01:58:39.781, 14411, 97
2026/10/07 01:58:40.045, 14410, 98
2026/10/07 01:58:40.309, 14410, 98
2026/10/07 01:58:40.572, 14410, 98
2026/10/07 01:58:40.836, 14411, 98
2026/10/07 01:58:41.101, 14411, 97
2026/10/07 01:58:41.365, 14411, 97
2026/10/07 01:58:41.630, 14410, 98
2026/10/07 01:58:41.894, 14410, 98
2026/10/07 01:58:42.158, 14410, 98
2026/10/07 01:58:42.422, 14408, 98
2026/10/07 01:58:42.687, 14408, 98
2026/10/07 01:58:42.951, 14407, 98
2026/10/07 01:58:43.215, 14407, 98
2026/10/07 01:58:43.478, 14407, 97
2026/10/07 01:58:43.742, 11485, 97
2026/10/07 01:58:44.006, 3004, 6
